neutral,jawOpen,jawLft,jawRgt,jawFwd,jawBk,chnRas,lftUprLipSk,rgtUprLipSk,lftLwrLipSk,rgtLwrLipSk,lftUprLipTgt,rgtUprLipTgt,lftLwrLipTgt,rgtLwrLipTgt,lftLipSealUpDn,rgtLipSealUpDn,lipSealLft,lipSealRgt,lftLipSealFwd,rgtLipSealFwd,lftLipSealBck,rgtLipSealBck,lftInrClsn,rgtInrClsn,lftOutClsn,rgtOutClsn,lftUprFnl,rgtUprFnl,lftLwrFnl,rgtLwrFnl,lftUprLipRas,rgtUprLipRas,lftNseWrnk,rgtNseWrnk,lftLwrLipDep,rgtLwrLipDep,lftNkTgt,rgtNkTgt,lftUprLipStr,rgtUprLipStr,lftLwrLipStr,rgtLwrLipStr,lftNrwMth,rgtNrwMth,lftMthStr,rgtMthStr,lftCnrPul,rgtCnrPul,lftDmplr,rgtDmplr,lftCnrDep,rgtCnrDep,lftCnrRas,rgtCnrRas,lftPufChk,rgtPufChk,lftPufLip,rgtPufLip,lftClnch,rgtClnch,swlo,lftNstrlFlr,rgtNstrlFlr,lftNstrlPnch,rgtNstrlPnch,lftInrBrwRas,rgtInrBrwRas,lftOutBrwRas,rgtOutBrwRas,lftBrwLwr,rgtBrwLwr,pcrs,lftSqnt,rgtSqnt,lftUprLidRas,rgtUprLidRas,lftUprLidDep,rgtUprLidDep,lftLwrLidRas,rgtLwrLidRas,lftLwrLidDep,rgtLwrLidDep,lftLwrLidTgt,rgtLwrLidTgt,lftEyeLft,rgtEyeLft,lftEyeRgt,rgtEyeRgt,lftEyeDwn,rgtEyeDwn,lftEyeUp,rgtEyeUp,lftChkRas,rgtChkRas,headBck,headFwd,headTltLft,headTltRgt,headTrnLft,headTrnRgt,lftLwrInrLipTeethClsn,lftLwrOutLipTeethClsn,rgtLwrInrLipTeethClsn,rgtLwrOutLipTeethClsn,chnRas_lftCnrPul_lftLwrFnl_lftLwrLipDep_lftMthStr,chnRas_rgtCnrPul_rgtLwrFnl_rgtLwrLipDep_rgtMthStr,chnRas_rgtLwrFnl,lftCnrPul_lftLwrFnl_lftLwrLipDep,lftCnrPul_lftLwrFnl_lftMthStr,lftCnrPul_lftLwrFnl,lftCnrPul_lftLwrLipDep_lftMthStr,lftCnrPul_lftLwrLipDep,lftCnrPul_lftMthStr,lftCnrPul_lftUprLipTgt,lftLwrFnl_lftLwrLipDep_lftMthStr,lftLwrFnl_lftLwrLipDep,lftLwrLipDep_lftMthStr,lftMthStr_lftLwrFnl,lftUprFnl_lftUprLipRas,rgtCnrPul_rgtLwrFnl,rgtCnrPul_rgtLwrFnl_rgtLwrLipDep,rgtCnrPul_rgtLwrFnl_rgtLwrLipDep_rgtMthStr,rgtCnrPul_rgtLwrFnl_rgtMthStr,rgtCnrPul_rgtLwrLipDep,rgtCnrPul_rgtMthStr,rgtCnrPul_rgtUprLipTgt,rgtLwrFnl_rgtLwrLipDep,rgtLwrFnl_rgtLwrLipDep_rgtMthStr,rgtLwrLipDep_rgtMthStr,rgtMthStr_rgtLwrFnl,rgtUprFnl_rgtUprLipRas,chnRas_lftLwrLipSk_lftInrClsn,chnRas_lftLwrLipSk,chnRas_rgtLwrLipSk,chnRas_rgtLwrLipSk_rgtInrClsn,jawBk_chnRas_lftLwrLipSk_lftLwrInrLipTeethClsn,jawBk_chnRas_rgtLwrLipSk_rgtLwrInrLipTeethClsn,jawBk_chnRas_lftLwrInrLipTeethClsn,jawBk_chnRas_rgtLwrInrLipTeethClsn,jawBk_lftLwrLipSk_lftLwrInrLipTeethClsn,jawBk_rgtLwrLipSk_rgtLwrInrLipTeethClsn,jawLft_jawBk_rgtLwrLipSk_rgtLwrOutLipTeethClsn,jawOpen_lftLwrLipSk,jawOpen_lftNrwMth,jawOpen_lftUprLipSk,jawOpen_rgtLwrLipSk,jawOpen_rgtNrwMth,jawOpen_rgtUprLipSk,jawRgt_jawBk_lftLwrLipSk_lftLwrOutLipTeethClsn,faceID,faceSelected,eliteSelected,nGeneration
0,0,0,0,0.613796,0,0,0,0,0,0,0,0,0,0,0,0,0,0,0,0,0,0,0.0167372,0.0261378,0.00631123,0.00718571,0,0,0,0,0,0,0,0,0,0,0,0,0,0,0,0,0,0,0,0,0,0,0,0,0,0,0,0,0,0,0,0,0,0,0,0,0,0,0,0,0,0,0,0,0,0,0,0,0,0,0,0,0.386851,0.386851,0,0,0.580466,0.580466,0,0,0,0,0,0,0,0,0,0,0,0,0,0,0,0,0,0,0,0,0,0,0,0,0,0,0,0,0,0,0,0,0,0,0,0,0,0,0,0,0,0,0,0,0,0,0,0,0,0,0,0,0,0,0,0,0,0,0,0,0,0,0,0,0,1,0,0,1
0,0.448757,0,0,0,0,0,0,0,0,0,0,0,0,0,0,0,0,0,0,0,0,0,0,0,0,0,0,0,0,0,0,0,0,0,0.460117,0.460117,0,0,0,0,0.284838,0.284838,0,0,0.988167,0.988167,0,0,0,0,0,0,0.699045,0.699045,0,0,0,0,0,0,0,0,0,0,0,0,0,0.239727,0.239727,0,0,0,0,0,0,0,0,0,0,0,0,0,0,0,0,0,0,0,0,0,0,0,0.143457,0.143457,0,0,0,0,0,0,0,0,0,0,0,0,0,0,0,0,0,0,0,0,0,0,0.454672,0,0,0,0,0,0,0,0,0,0,0,0.454672,0,0,0,0,0,0,0,0,0,0,0,0,0,0,0,0,0,0,0,0,2,0,0,1
0,0,0,0,0,0,0,0,0,0,0,0,0,0,0,0,0,0,0,0,0,0,0,0.0213101,0.00805083,0,0.0403947,0,0,0,0,0,0,0,0,0,0,0,0,0,0,0,0,0,0,0,0,0.328721,0.328721,0,0,0,0,0,0,0,0,0,0,0,0,0,0,0,0,0,0.642,0.642,0,0,0,0,0,0,0,0,0,0,0,0,0,0,0,0.317975,0.317975,0,0,0,0,0,0,0,0,0,0,0,0,0,0,0,0,0,0,0,0,0,0,0,0,0,0,0,0,0,0,0,0,0,0,0,0,0,0,0,0,0,0,0,0,0,0,0,0,0,0,0,0,0,0,0,0,0,0,0,0,0,0,0,0,0,3,1,1,1
0,0,0,0,0.843056,0,0,0,0,0,0,0,0,0,0,0,0,0,0,0,0,0,0,0.0397348,0.0385336,0,0,0,0,0,0,0,0,0,0,0,0,0,0,0.642019,0.642019,0.389944,0.389944,0,0,0,0,0,0,0,0,0,0,0,0,0,0,0,0,0,0,0,0,0,0,0,0,0,0.227989,0.227989,0,0,0,0.00963448,0.00963448,0,0,0,0,0.739533,0.739533,0,0,0,0,0,0,0,0,0,0,0,0,0,0,0,0,0,0,0,0,0,0,0,0,0,0,0,0,0,0,0,0,0,0,0,0,0,0,0,0,0,0,0,0,0,0,0,0,0,0,0,0,0,0,0,0,0,0,0,0,0,0,0,0,0,0,0,0,0,4,0,0,1
0,0,0.894989,0,0,0,0,0,0,0,0,0,0,0,0,0,0,0,0,0,0,0,0,0.128034,0.0638482,0.0442752,0,0,0,0,0,0,0,0,0,0,0,0,0,0,0,0,0,0.763876,0.763876,0,0,0.0751614,0.0751614,0,0,0,0,0,0,0,0,0,0,0,0,0,0,0,0,0,0,0,0,0,0,0,0,0,0,0,0,0,0,0,0,0,0,0,0,0,0,0,0,0,0,0,0,0,0,0,0,0,0,0,0,0,0,0,0,0,0,0,0,0,0,0,0,0,0,0,0,0,0,0,0,0,0,0,0,0,0,0,0,0,0,0,0,0,0,0,0,0,0,0,0,0,0,0,0,0,0,0,0,0,5,0,0,1
0,0,0,0,0,0,0,0,0,0,0,0,0,0,0,0,0,0,0,0,0,0,0,0.00454208,0.021517,0,0.0100758,0,0,0,0,0,0,0,0,0,0,0,0,0,0,0,0,0,0,0,0,0,0,0,0,0,0,0,0,0,0,0,0,0,0,0,0,0,0,0,0,0,0,0,0,0,0,0,0,0,0,0,0,0,0,0,0,0,0,0,0,0,0,0,0,0,0,0,0,0,0,0,0,0,0,0,0,0,0,0,0,0,0,0,0,0,0,0,0,0,0,0,0,0,0,0,0,0,0,0,0,0,0,0,0,0,0,0,0,0,0,0,0,0,0,0,0,0,0,0,0,0,0,0,6,1,0,1
0,0,0,0,0,0,0.900519,0.952452,0.952452,0,0,0,0,0.144146,0.144146,0,0,0,0,0,0,0,0,0.579282,0.554025,0.233354,0.277156,0,0,0,0,0.380709,0.380709,0,0,0,0,0,0,0,0,0,0,0,0,0,0,0,0,0,0,0.819726,0.819726,0,0,0,0,0,0,0.0830251,0.0830251,0,0,0,0,0,0,0,0,0,0,0,0,0,0,0,0,0,0,0,0,0,0,0,0,0,0,0,0,0,0,0,0,0,0,0,0,0,0,0,0,0,0,0,0,0,0,0,0,0,0,0,0,0,0,0,0,0,0,0,0,0,0,0,0,0,0,0,0,0,0,0,0,0,0,0,0,0,0,0,0,0,0,0,0,0,0,0,0,0,7,0,0,1
0,0,0,0,0,0,0,0.119242,0.119242,0,0,0,0,0,0,0,0,0,0,0,0,0,0,0,0,0,0,0,0,0,0,0,0,0,0,0.497572,0.497572,0,0,0,0,0,0,0,0,0,0,0,0,0,0,0,0,0,0,0,0,0,0,0,0,0,0.332519,0.332519,0,0,0,0,0,0,0,0,0,0,0,0.15097,0.15097,0,0,0,0,0,0,0,0,0,0,0,0,0,0,0,0,0,0,0,0,0,0,0,0,0,0,0,0,0,0,0,0,0,0,0,0,0,0,0,0,0,0,0,0,0,0,0,0,0,0,0,0,0,0,0,0,0,0,0,0,0,0,0,0,0,0,0,0,0,0,0,0,0,8,0,0,1
0,0.986843,0,0,0,0.571982,0,0.520929,0.520929,0,0,0,0,0,0,0,0,0,0,0,0,0,0,0,0,0,0,0,0,0,0,0,0,0,0,0,0,0,0,0,0,0.655045,0.655045,0,0,0,0,0,0,0,0,0,0,0,0,0,0,0,0,0,0,0,0,0,0.268026,0.268026,0,0,0,0,0,0,0,0,0,0,0,0,0,0,0,0,0,0,0,0,0,0,0,0,0,0,0,0.167043,0.167043,0,0,0,0,0,0,0,0,0,0,0,0,0,0,0,0,0,0,0,0,0,0,0,0,0,0,0,0,0,0,0,0,0,0,0,0,0,0,0,0,0,0,0,0,0,0,0,0,0,0,0.514075,0,0,0.514075,0,9,0,0,1
0,0,0,0,0,0,0.421453,0.203476,0.203476,0,0,0,0,0,0,0,0,0,0,0,0,0,0,0.0644516,0.0590053,0,0,0,0,0,0,0.632775,0.632775,0,0,0,0,0,0,0,0,0,0,0,0,0,0,0,0,0,0,0,0,0,0,0,0,0,0,0.245129,0.245129,0,0,0,0,0,0,0,0,0,0,0,0,0.330737,0.330737,0,0,0.572134,0.572134,0,0,0,0,0,0,0,0,0,0,0,0,0,0,0,0,0,0,0,0,0,0,0,0,0,0,0,0,0,0,0,0,0,0,0,0,0,0,0,0,0,0,0,0,0,0,0,0,0,0,0,0,0,0,0,0,0,0,0,0,0,0,0,0,0,0,0,0,0,0,0,10,0,0,1
0,0,0,0,0,0,0,0,0,0,0,0,0,0,0,0,0,0,0,0,0,0,0,0.0213101,0.00805083,0,0.0403947,0,0,0,0,0,0,0,0,0,0,0,0,0,0,0,0,0,0,0,0,0.328721,0.328721,0,0,0,0,0,0,0,0,0,0,0,0,0,0,0,0,0,0.642,0.642,0,0,0,0,0,0,0,0,0,0,0,0,0,0,0,0.317975,0.317975,0,0,0,0,0,0,0,0,0,0,0,0,0,0,0,0,0,0,0,0,0,0,0,0,0,0,0,0,0,0,0,0,0,0,0,0,0,0,0,0,0,0,0,0,0,0,0,0,0,0,0,0,0,0,0,0,0,0,0,0,0,0,0,0,0,1,0,0,2
0,0,0,0,0.877803,0.845745,0,0,0,0,0,0,0,0.952479,0.952479,0,0,0,0,0,0,0,0,0,0,0,0,0,0,0,0,0,0,0,0,0,0,0,0,0,0,0.428557,0.428557,0,0,0,0,0,0,0,0,0,0,0,0,0,0,0.714619,0.714619,0,0,0,0,0,0,0,0,0,0,0,0,0,0,0,0,0,0,0,0,0,0,0.0147282,0.0147282,0,0,0,0,0,0,0,0,0,0,0,0,0,0,0,0,0,0,0,0,0,0,0,0,0,0,0,0,0,0,0,0,0,0,0,0,0,0,0,0,0,0,0,0,0,0,0,0,0,0,0,0,0,0,0,0,0,0,0,0,0,0,0,0,0,0,0,2,1,0,2
0,0,0.605253,0,0,0,0,0,0,0,0,0.2333,0.2333,0,0,0,0,0,0,0,0,0,0,0.0137105,0.0153719,0.0419908,0,0,0,0.0565111,0.0565111,0,0,0,0,0,0,0.51443,0.51443,0,0,0,0,0,0,0,0,0,0,0,0,0,0,0,0,0,0,0,0,0,0,0,0,0,0,0,0,0,0,0,0,0,0,0.367841,0.367841,0,0,0,0,0.0813417,0.0813417,0,0,0,0,0,0,0,0,0,0,0,0,0,0,0,0,0,0,0,0,0,0,0,0,0,0,0,0,0,0,0,0,0,0,0,0,0,0,0,0,0,0,0,0,0,0,0,0,0,0,0,0,0,0,0,0,0,0,0,0,0,0,0,0,0,0,0,0,0,3,0,0,2
0,0,0,0,0,0,0,0,0,0,0,0,0,0,0,0,0,0,0,0,0,0,0,0,0,0,0,0,0,0,0,0,0,0,0,0.753606,0.753606,0,0,0,0,0,0,0,0,0,0,0,0,0,0,0,0,0,0,0,0,0,0,0,0,0,0,0,0,0,0.642,0.642,0,0,0,0,0,0,0,0,0,0,0,0,0,0,0,0.317975,0.317975,0,0,0,0,0,0,0,0,0.171011,0.171011,0,0,0,0,0,0,0,0,0,0,0,0,0,0,0,0,0,0,0,0,0,0,0,0,0,0,0,0,0,0,0,0,0,0,0,0,0,0,0,0,0,0,0,0,0,0,0,0,0,0,0,0,0,0,0,4,1,1,2
0,0,0,0,0,0,0,0,0,0,0,0,0,0.719658,0.719658,0,0,0,0,0,0,0,0,0,0,0,0,0.844555,0.844555,0,0,0,0,0.589456,0.589456,0,0,0,0,0,0,0,0,0.219515,0.219515,0.269788,0.269788,0,0,0,0,0,0,0,0,0,0,0,0,0,0,0,0,0,0,0,0,0,0,0,0,0,0,0,0,0,0,0.983043,0.983043,0,0,0,0,0,0,0,0,0,0,0,0,0,0,0,0,0,0,0,0,0,0,0,0,0,0,0,0,0,0,0,0,0,0,0,0,0,0,0,0,0,0,0,0,0,0,0,0,0,0,0,0,0,0,0,0,0,0,0,0,0,0,0,0,0,0,0,0,0,0,0,5,0,0,2
0,0,0,0,0,0,0,0,0,0,0,0,0,0,0,0,0,0,0,0,0,0,0,0.0240026,0.00848512,0,0.0277262,0,0,0,0,0,0,0,0,0,0,0,0,0,0,0,0,0,0,0,0,0.164361,0.164361,0,0,0,0,0,0,0,0,0,0,0,0,0,0,0,0,0,0.321,0.321,0,0,0,0,0,0,0,0,0,0,0,0,0,0,0,0.158987,0.158987,0,0,0,0,0,0,0,0,0,0,0,0,0,0,0,0,0,0,0,0,0,0,0,0,0,0,0,0,0,0,0,0,0,0,0,0,0,0,0,0,0,0,0,0,0,0,0,0,0,0,0,0,0,0,0,0,0,0,0,0,0,0,0,0,0,6,0,0,2
0,0,0.515026,0,0,0,0.554421,0.440505,0.440505,0,0,0,0,0,0,0,0,0,0,0,0,0,0,0,0.0590011,0.0283996,0.0804998,0,0,0.697192,0.697192,0,0,0,0,0,0,0,0,0,0,0.267166,0.267166,0,0,0.0140959,0.0140959,0,0,0,0,0,0,0,0,0,0,0,0,0,0,0,0,0,0,0,0,0,0,0,0,0,0,0,0,0,0,0,0,0,0,0,0,0,0,0,0,0,0,0,0,0,0,0,0,0,0,0,0,0,0,0,0,0,0,0,0,0.386538,0,0,0,0,0,0,0,0,0,0,0.00982754,0,0,0,0,0,0,0,0,0,0,0,0.00982754,0,0,0,0,0,0,0,0,0,0,0,0,0,0,0,0,0,0,0,7,0,0,2
0,0,0,0,0,0,0,0,0,0,0,0,0,0,0,0,0,0,0,0,0,0,0,0,0,0,0,0,0,0,0,0,0,0,0,0.698345,0.698345,0,0,0,0,0,0,0,0,0,0,0.328721,0.328721,0,0,0.764996,0.764996,0,0,0,0,0,0,0,0,0,0,0,0,0,0,0,0,0,0,0,0,0,0,0,0,0,0,0,0,0,0,0,0,0,0,0,0,0,0,0,0,0,0,0,0,0,0,0,0,0,0,0,0,0,0,0,0,0,0,0,0.229561,0,0,0,0,0,0,0,0,0,0,0,0.229561,0,0,0,0,0,0,0,0,0,0,0,0,0,0,0,0,0,0,0,0,0,0,0,0,0,8,0,0,2
0,0,0.724427,0,0,0,0,0,0,0,0,0,0,0,0,0,0,0,0,0,0,0,0,0.0379482,0.0141786,0.058581,0,0,0,0,0,0,0,0,0,0,0,0,0,0,0,0,0,0,0,0,0,0,0,0,0,0,0,0,0,0,0,0,0,0,0,0,0,0,0,0,0,0,0,0,0,0,0,0,0,0,0,0,0,0.856204,0.856204,0,0,0,0,0,0,0,0,0,0,0,0,0,0,0,0,0,0,0,0,0,0,0,0,0,0,0,0,0,0,0,0,0,0,0,0,0,0,0,0,0,0,0,0,0,0,0,0,0,0,0,0,0,0,0,0,0,0,0,0,0,0,0,0,0,0,0,0,0,9,0,0,2
0,0,0,0,0,0,0,0,0,0,0,0,0,0,0,0,0,0,0,0,0,0,0,0,0,0,0,0,0,0,0,0,0,0,0,0.168351,0.168351,0,0,0,0,0,0,0,0,0,0,0.328721,0.328721,0,0,0,0,0,0,0,0,0,0,0,0,0,0.938661,0.938661,0,0,0,0,0,0,0,0,0,0,0,0,0,0,0,0,0,0,0,0,0,0,0,0,0,0,0,0,0,0,0,0,0,0,0,0,0,0,0,0,0,0,0,0,0,0,0,0,0.0553406,0,0,0,0,0,0,0,0,0,0,0,0.0553406,0,0,0,0,0,0,0,0,0,0,0,0,0,0,0,0,0,0,0,0,0,0,0,0,0,10,0,0,2
0,0,0,0,0.877803,0.845745,0,0,0,0,0,0,0,0,0,0,0,0,0,0,0,0,0,0.0958279,0.0968973,0.0435313,0.0074665,0,0,0,0,0,0,0,0,0,0,0,0,0,0,0,0,0.697267,0.697267,0,0,0,0,0,0,0,0,0,0,0,0,0,0,0.25069,0.25069,0,0,0,0,0,0.642,0.642,0,0,0,0,0,0,0,0,0,0,0,0,0,0,0,0,0,0,0,0,0,0,0,0,0,0.171011,0.171011,0,0,0,0,0,0,0,0,0,0,0,0,0,0,0,0,0,0,0,0,0,0,0,0,0,0,0,0,0,0,0,0,0,0,0,0,0,0,0,0,0,0,0,0,0,0,0,0,0,0,0,0,0,0,0,1,0,0,3
0,0,0,0,0,0,0,0,0,0,0,0,0,0,0,0,0,0,0,0,0,0,0,0,0,0,0,0,0,0,0,0,0,0,0,0.753606,0.753606,0,0,0,0,0,0,0,0,0,0,0,0,0,0,0,0,0,0,0,0,0,0,0,0,0,0,0,0,0,0.642,0.642,0,0,0,0,0,0,0,0,0,0,0,0,0,0,0,0.317975,0.317975,0,0,0,0,0,0,0,0,0.171011,0.171011,0,0,0,0,0,0,0,0,0,0,0,0,0,0,0,0,0,0,0,0,0,0,0,0,0,0,0,0,0,0,0,0,0,0,0,0,0,0,0,0,0,0,0,0,0,0,0,0,0,0,0,0,0,0,0,2,1,0,3
0,0,0,0,0,0,0,0.904481,0.904481,0,0,0.572724,0.572724,0,0,0,0,0,0,0,0,0,0,0.361394,0.367175,0.17515,0.191373,0,0,0,0,0,0,0,0,0,0,0,0,0,0,0,0,0,0,0,0,0.137282,0.137282,0,0,0,0,0.772811,0.772811,0,0,0,0,0.00919705,0.00919705,0,0.420795,0.420795,0,0,0,0,0,0,0,0,0,0,0,0,0,0,0,0,0,0,0,0,0,0,0,0,0,0,0,0,0,0,0,0,0,0,0,0,0,0,0,0,0,0,0,0,0,0,0,0,0,0,0.0786248,0,0,0,0,0,0,0,0,0,0,0,0.0786248,0,0,0,0,0,0,0,0,0,0,0,0,0,0,0,0,0,0,0,0,0,0,0,3,0,0,3
0,0,0,0,0.334989,0,0,0,0,0,0,0,0,0,0,0,0,0,0,0,0,0,0,0.01109,0.0362957,0,0.0162668,0,0,0,0,0,0,0.234967,0.234967,0,0,0,0,0,0,0,0,0,0,0,0,0,0,0,0,0,0,0.880423,0.880423,0,0,0.0782348,0.0782348,0,0,0,0,0,0,0,0,0,0.25246,0.25246,0,0,0,0.325422,0.325422,0,0,0,0,0,0,0,0,0,0,0,0,0,0,0,0,0,0,0,0,0,0,0,0,0,0,0,0,0,0,0,0,0,0,0,0,0,0,0,0,0,0,0,0,0,0,0,0,0,0,0,0,0,0,0,0,0,0,0,0,0,0,0,0,0,0,0,0,0,0,0,0,0,0,0,4,0,0,3
0,0,0,0,0,0.845745,0,0,0,0,0,0,0,0.952479,0.952479,0,0,0,0,0,0,0,0,0,0,0,0.049205,0,0,0,0,0,0,0,0,0,0,0,0,0,0,0.428557,0.428557,0,0,0,0,0,0,0,0,0,0,0,0,0,0,0,0,0,0,0,0,0,0.29985,0.29985,0.642,0.642,0,0,0,0,0,0,0,0,0,0.937083,0.937083,0,0,0.0147282,0.0147282,0.317975,0.317975,0,0,0,0,0,0,0,0,0,0,0,0,0,0,0,0,0.841867,0.685937,0.735987,0.447385,0,0,0,0,0,0,0,0,0,0,0,0,0,0,0,0,0,0,0,0,0,0,0,0,0,0,0,0,0,0,0,0,0,0,0,0,0,0,0,0,0,0,0,0,0,5,0,0,3
0,0,0,0,0.877803,0,0,0,0,0,0,0,0,0,0,0,0,0,0,0,0,0,0,0,0,0,0,0,0,0,0,0.19993,0.19993,0,0,0.753606,0.753606,0,0,0.904925,0.904925,0.428557,0.428557,0,0,0,0,0,0,0,0,0,0,0,0,0,0,0,0,0,0,0,0,0,0,0,0.642,0.642,0,0,0,0,0,0,0,0,0,0,0,0,0,0,0,0.317975,0.317975,0,0,0,0,0,0,0,0,0.171011,0.171011,0,0,0,0,0,0,0,0,0,0,0,0,0,0,0,0,0,0,0,0,0,0,0,0,0,0,0,0,0,0,0,0,0,0,0,0,0,0,0,0,0,0,0,0,0,0,0,0,0,0,0,0,0,0,0,6,1,1,3
0,0,0,0,0,0,0.917638,0,0,0,0,0,0,0.0963266,0.0963266,0,0,0,0,0,0,0,0,0.0398027,0.165486,0.315823,0.364337,0.502403,0.502403,0,0,0,0,0,0,0,0,0,0,0,0,0,0,0,0,0.27058,0.27058,0.443434,0.443434,0,0,0,0,0,0,0,0,0,0,0,0,0,0,0,0,0,0,0,0,0,0,0,0,0.711307,0.711307,0,0,0,0,0,0,0,0,0,0,0,0,0,0,0,0,0,0,0,0,0,0,0,0,0,0,0,0,0,0,0,0,0,0,0,0,0,0,0.119984,0,0,0,0,0,0,0,0,0,0,0,0.119984,0,0,0,0,0,0,0,0,0,0,0,0,0,0,0,0,0,0,0,0,0,0,0,0,7,0,0,3
0,0,0,0,0,0.845745,0,0,0,0,0,0,0,0.952479,0.952479,0,0,0,0,0,0,0,0,0,0,0,0.050852,0,0,0,0,0,0,0.308604,0.308604,0,0,0.189706,0.189706,0,0,0.428557,0.428557,0,0,0,0,0,0,0,0,0,0,0,0,0,0,0,0,0,0,0,0,0,0,0,0,0,0,0,0,0,0,0,0,0,0,0,0,0,0,0,0,0,0,0,0,0,0,0,0,0,0,0,0,0,0,0,0,0,0,0.837742,0.678452,0.734905,0.445724,0,0,0,0,0,0,0,0,0,0,0,0,0,0,0,0,0,0,0,0,0,0,0,0,0,0,0,0,0,0,0,0,0,0,0,0,0,0,0,0,0,0,0,0,0,8,0,0,3
0,0,0,0,0,0,0,0,0,0,0,0,0,0.484198,0.484198,0,0,0,0,0,0,0,0,0,0,0,0,0,0,0,0,0,0,0.647945,0.647945,0,0,0,0,0,0,0.428333,0.428333,0,0,0,0,0,0,0,0,0,0,0,0,0,0,0,0,0,0,0.915989,0.729785,0.729785,0,0,0,0,0,0,0,0,0,0,0,0,0,0,0,0,0,0,0,0,0,0,0,0,0,0,0,0,0,0,0,0,0,0,0,0,0,0,0,0,0,0,0,0,0,0,0,0,0,0,0,0,0,0,0,0,0,0,0,0,0,0,0,0,0,0,0,0,0,0,0,0,0,0,0,0,0,0,0,0,0,0,0,0,0,0,9,0,0,3
0,0,0,0,0.877803,0,0,0,0,0,0,0,0,0,0,0,0,0,0,0,0,0,0,0,0,0,0,0,0,0,0,0,0,0,0,0,0,0,0,0,0,0.428557,0.428557,0,0,0.250045,0.250045,0,0,0,0,0,0,0,0,0,0,0.714619,0.714619,0,0,0,0,0,0,0,0,0,0,0,0,0,0,0,0,0,0,0,0,0,0,0.0147282,0.0147282,0,0,0,0,0,0,0,0,0,0,0.733176,0.733176,0,0,0,0,0,0,0,0,0,0,0,0,0,0,0,0,0,0,0,0,0,0,0,0,0,0,0,0,0,0,0,0,0,0,0,0,0,0,0,0,0,0,0,0,0,0,0,0,0,0,0,0,0,0,0,10,0,0,3
0,0,0,0,0,0,0,0,0,0,0,0.364981,0.364981,0.860839,0.860839,0,0,0,0,0,0,0,0,0.0399245,0.0537973,0.0533302,0.0998566,0,0,0,0,0,0,0,0,0,0,0,0,0,0,0,0,0,0,0,0,0,0,0.478564,0.478564,0.0870485,0.0870485,0,0,0,0,0,0,0,0,0,0,0,0,0,0,0,0,0,0,0,0,0,0,0,0,0,0,0,0,0,0,0,0,0,0,0,0,0,0,0,0,0.0301751,0.0301751,0,0,0,0,0,0,0,0,0,0,0,0,0,0,0,0,0,0,0,0,0,0,0,0,0,0,0,0,0,0,0,0,0,0,0,0,0,0,0,0,0,0,0,0,0,0,0,0,0,0,0,0,0,0,0,1,0,0,4
0,0.902425,0,0,0,0,0,0,0,0,0,0,0,0,0,0,0,0,0,0,0,0,0,0,0,0,0,0,0,0,0,0,0,0,0,0.753606,0.753606,0,0,0,0,0,0,0.400399,0.400399,0,0,0,0,0,0,0,0,0,0,0,0,0,0,0,0,0,0,0,0,0,0.642,0.642,0,0,0,0,0,0,0,0,0,0,0,0,0,0,0,0.317975,0.317975,0,0,0,0,0,0,0,0,0.171011,0.171011,0,0,0,0,0,0,0,0,0,0,0,0,0,0,0,0,0,0,0,0,0,0,0,0,0,0,0,0,0,0,0,0,0,0,0,0,0,0,0,0,0,0,0,0,0,0,0,0,0,0.36133,0,0,0.36133,0,0,2,0,0,4
0,0,0,0,0,0,0,0,0,0,0,0,0,0,0,0,0,0,0,0,0,0,0,0,0,0,0,0,0,0,0,0,0,0,0,0.734925,0.734925,0,0,0.904925,0.904925,0.350288,0.350288,0,0,0,0,0,0,0,0,0,0,0,0,0,0,0,0,0,0,0,0,0,0,0,0.642,0.642,0,0,0,0,0,0,0,0,0,0,0,0,0,0,0,0.317975,0.317975,0,0,0,0,0,0,0,0,0.171011,0.171011,0,0,0,0,0,0,0,0,0,0,0,0,0,0,0,0,0,0,0,0,0,0,0,0,0,0,0,0,0,0,0,0,0,0,0,0,0,0,0,0,0,0,0,0,0,0,0,0,0,0,0,0,0,0,0,3,1,0,4
0,0,0,0,0,0,0,0,0,0.360665,0.360665,0,0,0,0,0,0,0,0,0,0,0,0,0.180071,0.144742,0.0301889,0.129376,0,0,0,0,0,0,0,0,0,0,0.464696,0.464696,0.265848,0.265848,0,0,0,0,0,0,0,0,0,0,0,0,0,0,0,0,0,0,0,0,0,0,0,0,0,0,0,0,0,0,0,0,0.114985,0.114985,0,0,0,0,0.954982,0.954982,0.0321491,0.0321491,0,0,0,0,0,0,0,0,0,0,0,0,0,0,0,0,0,0,0,0,0,0,0,0,0,0,0,0,0,0,0,0,0,0,0,0,0,0,0,0,0,0,0,0,0,0,0,0,0,0,0,0,0,0,0,0,0,0,0,0,0,0,0,0,0,0,0,4,0,0,4
0,0,0,0,0,0,0,0,0,0,0,0,0,0,0,0,0,0,0,0,0,0,0,0,0,0,0,0,0,0,0,0,0,0,0,0.753606,0.753606,0,0,0,0,0.428557,0.428557,0,0,0,0,0.905693,0.905693,0,0,0.0639222,0.0639222,0,0,0,0,0,0,0,0,0,0,0,0,0,0.642,0.642,0,0,0,0,0,0,0,0,0,0,0,0,0,0,0,0.317975,0.317975,0,0,0,0,0,0,0,0,0.171011,0.171011,0,0,0,0,0,0,0,0,0,0,0,0,0,0,0,0,0,0.682536,0,0,0,0,0,0,0,0,0,0,0,0.682536,0,0,0,0,0,0,0,0,0,0,0,0,0,0,0,0,0,0,0,0,0,0,0,0,0,5,0,0,4
0,0,0,0,0.877803,0,0,0,0,0.0657063,0.0657063,0,0,0,0,0,0,0,0,0,0,0,0,0,0,0,0,0,0,0,0,0.19993,0.19993,0,0,0.753606,0.753606,0,0,0,0,0,0,0,0,0,0,0,0,0,0,0,0,0,0,0,0,0,0,0,0,0,0,0,0,0,0.642,0.642,0,0,0,0,0,0,0,0,0,0,0,0,0,0,0,0.907475,0.907475,0,0,0,0,0,0,0,0,0.171011,0.171011,0,0,0,0,0,0,0,0,0,0,0,0,0,0,0,0,0,0,0,0,0,0,0,0,0,0,0,0,0,0,0,0,0,0,0,0,0,0,0,0,0,0,0,0,0,0,0,0,0,0,0,0,0,0,0,6,0,0,4
0,0,0,0,0,0,0,0,0,0,0,0,0,0,0,0,0,0,0,0,0,0,0,0.0766815,0.0827043,0.0607395,0.0317242,0,0,0,0,0,0,0,0,0,0,0,0,0,0,0,0,0.948567,0.948567,0,0,0,0,0,0,0,0,0,0,0,0,0,0,0.44899,0.44899,0,0.213886,0.213886,0,0,0,0,0,0,0.467591,0.467591,0,0,0,0.219749,0.219749,0,0,0,0,0,0,0,0,0,0,0,0,0,0,0,0,0.221994,0.221994,0,0,0,0,0,0,0,0,0,0,0,0,0,0,0,0,0,0,0,0,0,0,0,0,0,0,0,0,0,0,0,0,0,0,0,0,0,0,0,0,0,0,0,0,0,0,0,0,0,0,0,0,0,0,0,7,0,0,4
0,0,0,0,0.877803,0,0,0,0,0,0,0,0,0,0,0,0,0,0,0,0,0,0,0,0,0,0,0,0,0,0,0.19993,0.19993,0,0,0.753606,0.753606,0,0,0.904925,0.904925,0.428557,0.428557,0,0,0,0,0,0,0,0,0,0,0,0,0,0,0,0,0,0,0,0,0,0,0,0.642,0.642,0,0,0,0,0,0,0,0,0,0,0,0,0,0,0,0.317975,0.317975,0,0,0,0,0,0,0,0,0.171011,0.171011,0,0,0,0,0,0,0,0,0,0,0,0,0,0,0,0,0,0,0,0,0,0,0,0,0,0,0,0,0,0,0,0,0,0,0,0,0,0,0,0,0,0,0,0,0,0,0,0,0,0,0,0,0,0,0,8,1,1,4
0,0,0,0,0,0,0,0,0,0.870536,0.870536,0.815013,0.815013,0,0,0,0,0,0,0,0,0,0,0.432291,0.453149,0.459635,0.527196,0,0,0,0,0.307017,0.307017,0.324936,0.324936,0,0,0,0,0.108684,0.108684,0,0,0,0,0,0,0,0,0.807578,0.807578,0,0,0,0,0,0,0,0,0,0,0,0,0,0,0,0,0,0,0,0,0,0,0,0,0,0,0,0,0,0,0,0,0,0,0,0,0,0,0,0,0,0,0,0,0,0,0,0,0,0,0.171328,0.021888,0,0,0,0,0,0,0,0,0,0,0,0,0,0,0,0,0,0,0,0,0,0,0,0,0,0,0,0,0,0,0,0,0,0,0,0,0,0,0,0,0,0,0,0,0,0,0,9,0,0,4
0,0,0,0,0,0,0,0,0,0,0,0,0,0,0,0,0,0,0,0,0,0,0,0,0,0,0,0,0,0.545029,0.545029,0.19993,0.19993,0,0,0.503393,0.503393,0,0,0.904925,0.904925,0.428557,0.428557,0,0,0,0,0,0,0,0,0,0,0,0,0,0,0,0,0,0,0,0,0,0,0,0.642,0.642,0,0,0,0,0,0,0,0,0,0,0,0,0,0,0,0.317975,0.317975,0,0,0,0,0,0,0,0,0.171011,0.171011,0,0,0,0,0,0,0,0,0,0,0,0,0,0,0,0,0,0,0,0,0,0.274364,0,0,0,0,0,0,0,0,0,0,0.274364,0,0,0,0,0,0,0,0,0,0,0,0,0,0,0,0,0,0,0,0,0,0,10,0,0,4
0,0.24649,0,0.857129,0.0833461,0,0,0,0,0,0,0,0,0,0,0,0,0,0,0,0,0,0,0,0,0,0,0,0,0,0,0.427417,0.427417,0,0,0,0,0,0,0,0,0,0,0,0,0,0,0,0,0.923353,0.923353,0,0,0,0,0,0,0,0,0,0,0,0,0,0,0,0,0,0,0,0,0,0,0,0,0,0,0,0,0,0,0,0,0.561719,0.561719,0,0,0,0,0,0,0,0,0,0,0,0,0,0,0,0,0,0,0,0,0,0,0,0,0,0,0,0,0,0,0,0,0,0,0,0,0,0,0,0,0,0,0,0,0,0,0,0,0,0,0,0,0,0,0,0,0,0,0,0,0,0,0,0,0,1,0,0,5
0,0,0,0.29443,0,0,0,0.90761,0.90761,0,0,0,0,0,0,0,0,0,0,0,0,0,0,0.370491,0.321043,0.209454,0.132007,0,0,0,0,0,0,0,0,0,0,0,0,0,0,0,0,0.560942,0.560942,0,0,0,0,0,0,0,0,0,0,0,0,0,0,0,0,0,0,0,0,0,0,0,0,0,0,0,0,0.509573,0.509573,0.858646,0.858646,0,0,0,0,0,0,0,0,0,0,0,0,0,0,0,0,0.318765,0.318765,0,0,0,0,0,0,0,0,0,0,0,0,0,0,0,0,0,0,0,0,0,0,0,0,0,0,0,0,0,0,0,0,0,0,0,0,0,0,0,0,0,0,0,0,0,0,0,0,0,0,0,0,0,0,0,2,0,0,5
0,0,0,0,0.629635,0.912923,0,0,0,0,0,0.503668,0.503668,0,0,0,0,0,0,0,0,0,0,0,0,0,0,0,0,0,0,0,0,0.479994,0.479994,0,0,0,0,0.906933,0.906933,0,0,0,0,0,0,0,0,0,0,0,0,0,0,0,0,0,0,0,0,0,0,0,0,0,0,0,0,0,0,0,0,0,0,0,0,0,0,0,0,0,0,0,0,0,0,0,0,0,0,0,0,0,0,0,0,0,0,0,0,0,0,0,0,0,0,0,0,0,0,0,0,0,0,0,0,0,0,0,0,0,0,0,0,0,0,0,0,0,0,0,0,0,0,0,0,0,0,0,0,0,0,0,0,0,0,0,0,0,3,0,0,5
0,0,0,0,0,0,0,0,0,0,0,0,0,0,0,0,0,0,0,0,0,0,0,0,0,0,0,0,0,0,0,0,0,0,0,0.753606,0.753606,0,0,0.904925,0.904925,0.770319,0.770319,0,0,0,0,0,0,0,0,0,0,0,0,0,0,0,0,0,0,0,0,0,0,0,0.642,0.642,0,0,0,0,0,0,0,0,0,0,0,0.156009,0.156009,0,0,0.317975,0.317975,0,0,0,0,0,0,0,0,0.171011,0.171011,0,0,0,0,0,0,0,0,0,0,0,0,0,0,0,0,0,0,0,0,0,0,0,0,0,0,0,0,0,0,0,0,0,0,0,0,0,0,0,0,0,0,0,0,0,0,0,0,0,0,0,0,0,0,0,4,1,1,5
0,0,0,0,0,0,0,0,0,0,0,0,0,0,0,0,0,0,0,0,0,0,0,0,0,0,0,0.349671,0.349671,0,0,0,0,0,0,0.734925,0.734925,0,0,0.904925,0.904925,0.564128,0.564128,0,0,0,0,0,0,0,0,0,0,0,0,0,0,0,0,0,0,0,0,0,0,0,0.642,0.642,0,0,0,0,0,0,0,0,0,0,0,0,0,0,0,0.317975,0.317975,0,0,0,0,0,0,0,0,0.171011,0.171011,0,0,0,0,0,0,0,0,0,0,0,0,0,0,0,0,0,0,0,0,0,0,0,0,0,0,0,0,0,0,0,0,0,0,0,0,0,0,0,0,0,0,0,0,0,0,0,0,0,0,0,0,0,0,0,5,0,0,5
0,0,0,0,0.438901,0,0,0,0,0,0,0,0,0,0,0,0,0,0,0,0,0,0,0,0,0,0,0,0,0,0,0.0999652,0.0999652,0,0,0.744266,0.744266,0,0,0.904925,0.904925,0.389422,0.389422,0,0,0,0,0,0,0,0,0,0,0,0,0,0,0,0,0,0,0,0,0,0,0,0.642,0.642,0,0,0,0,0,0,0,0,0,0,0,0,0,0,0,0.317975,0.317975,0,0,0,0,0,0,0,0,0.171011,0.171011,0,0,0,0,0,0,0,0,0,0,0,0,0,0,0,0,0,0,0,0,0,0,0,0,0,0,0,0,0,0,0,0,0,0,0,0,0,0,0,0,0,0,0,0,0,0,0,0,0,0,0,0,0,0,0,6,0,0,5
0,0,0,0,0,0,0,0,0,0,0,0,0,0,0,0,0,0,0,0,0,0,0,0,0,0,0,0,0,0,0,0,0,0,0,0.753606,0.753606,0.425223,0.425223,0.904925,0.904925,0.350288,0.350288,0,0,0,0,0,0,0,0,0.260288,0.260288,0,0,0,0,0,0,0,0,0,0,0,0,0,0.642,0.642,0,0,0,0,0,0,0,0,0,0,0,0,0,0,0,0.317975,0.317975,0,0,0,0,0,0,0,0,0.171011,0.171011,0,0,0,0,0,0,0,0,0,0,0,0,0,0,0,0,0,0,0,0,0,0,0,0,0,0,0,0,0,0,0,0,0,0,0,0,0,0,0,0,0,0,0,0,0,0,0,0,0,0,0,0,0,0,0,7,0,0,5
0,0,0,0,0,0,0,0,0,0,0,0,0,0,0,0,0,0,0,0,0,0,0,0,0,0,0,0,0,0,0,0.19993,0.19993,0.0327122,0.0327122,0.753606,0.753606,0,0,0.904925,0.904925,0.350288,0.350288,0,0,0.00364301,0.00364301,0,0,0,0,0,0,0,0,0,0,0,0,0,0,0,0,0,0,0,0.642,0.642,0,0,0,0,0,0,0,0,0,0,0,0,0,0,0,0.317975,0.317975,0,0,0,0,0,0,0,0,0.171011,0.171011,0,0,0,0,0,0,0,0,0,0,0,0,0,0,0,0,0,0,0,0,0,0,0.00274539,0,0,0,0,0,0,0,0,0,0,0,0.00274539,0,0,0,0,0,0,0,0,0,0,0,0,0,0,0,0,0,0,0,0,8,1,0,5
0,0,0,0,0,0,0,0,0,0,0,0,0,0.331115,0.331115,0,0,0,0,0,0,0,0,0.000682099,0.0219748,0.000102435,0.0285124,0,0,0,0,0,0,0,0,0,0,0,0,0,0,0,0,0,0,0,0,0.58385,0.58385,0,0,0,0,0,0,0,0,0,0,0.555633,0.555633,0,0,0,0,0,0,0,0,0,0,0,0,0,0,0,0,0,0,0,0,0,0,0.455536,0.455536,0,0,0,0,0,0,0,0,0.826233,0.826233,0,0,0,0,0,0,0,0,0,0,0,0,0,0,0,0,0,0,0,0,0,0,0,0,0,0,0,0,0,0,0,0,0,0,0,0,0,0,0,0,0,0,0,0,0,0,0,0,0,0,0,0,0,0,0,9,0,0,5
0,0,0,0,0.877803,0,0,0,0,0,0,0,0,0,0,0,0,0,0,0,0,0,0,0,0,0,0,0,0,0,0,0.19993,0.19993,0,0,0.753606,0.753606,0,0,0.904925,0.904925,0.428557,0.428557,0,0,0,0,0,0,0,0,0,0,0,0,0,0,0,0,0,0,0,0,0,0,0,0.642,0.642,0,0,0,0,0,0,0,0,0,0,0,0,0,0,0,0.317975,0.317975,0,0,0,0,0,0,0,0,0.171011,0.171011,0,0,0,0,0,0,0,0,0,0,0,0,0,0,0,0,0,0,0,0,0,0,0,0,0,0,0,0,0,0,0,0,0,0,0,0,0,0,0,0,0,0,0,0,0,0,0,0,0,0,0,0,0,0,0,10,0,0,5
0,0.750304,0,0,0,0,0,0,0,0,0,0,0,0,0,0,0,0,0,0,0,0,0,0,0,0,0,0,0,0,0,0,0,0,0,0,0,0.411136,0.411136,0,0,0,0,0,0,0,0,0,0,0,0,0,0,0,0,0,0,0,0,0,0,0,0,0,0.4277,0.4277,0.50254,0.50254,0,0,0,0,0.742345,0,0,0,0,0,0,0,0,0,0,0.90669,0.90669,0,0,0,0,0,0,0,0,0,0,0,0,0,0,0,0,0,0,0,0,0,0,0,0,0,0,0,0,0,0,0,0,0,0,0,0,0,0,0,0,0,0,0,0,0,0,0,0,0,0,0,0,0,0,0,0,0,0,0,0,0,0,0,0,0,1,0,0,6
0,0,0,0,0,0,0,0,0,0.1749,0.1749,0,0,0.0317492,0.0317492,0,0,0,0,0,0,0,0,0,0,0,0,0,0,0,0,0,0,0.923374,0.923374,0.969166,0.969166,0,0,0,0,0,0,0,0,0,0,0,0,0,0,0,0,0,0,0,0,0,0,0,0,0,0,0,0,0,0.90689,0.90689,0,0,0,0,0,0,0,0,0,0,0,0.231812,0.231812,0,0,0,0,0,0,0,0,0,0,0,0,0,0,0,0,0,0,0,0,0,0,0,0,0,0,0,0,0,0,0,0,0,0,0,0,0,0,0,0,0,0,0,0,0,0,0,0,0,0,0,0,0,0,0,0,0,0,0,0,0,0,0,0,0,0,0,0,0,2,0,0,6
0,0,0,0,0,0,0,0,0,0,0,0,0,0,0,0,0,0,0,0,0,0,0,0,0,0,0,0,0,0,0,0.19993,0.19993,0.0327122,0.0327122,0.753606,0.753606,0,0,0.904925,0.904925,0.350288,0.350288,0.114424,0.114424,0,0,0,0,0,0,0,0,0,0,0,0,0,0,0,0,0,0,0,0,0,0.642,0.642,0,0,0,0,0,0,0,0,0,0,0,0.543005,0.543005,0,0,0.317975,0.317975,0,0,0,0,0,0,0,0,0.171011,0.171011,0,0,0,0,0,0,0,0,0,0,0,0,0,0,0,0,0,0,0,0,0,0,0,0,0,0,0,0,0,0,0,0,0,0,0,0,0,0,0,0,0,0,0,0,0,0,0,0,0,0,0,0,0,0,0,3,1,0,6
0,0,0,0,0,0,0,0,0,0,0,0,0,0,0,0,0,0,0,0,0,0,0,0,0,0,0,0,0,0,0,0,0,0.0327122,0.0327122,0.753606,0.753606,0,0,0.904925,0.904925,0.350288,0.350288,0,0,0,0,0,0,0,0,0,0,0,0,0,0,0,0,0,0,0,0.87705,0.87705,0,0,0.642,0.642,0,0,0.612967,0.612967,0,0,0,0,0,0,0,0,0,0,0,0.317975,0.317975,0,0,0,0,0,0,0,0,0.171011,0.171011,0,0,0,0,0,0,0,0,0,0,0,0,0,0,0,0,0,0,0,0,0,0,0,0,0,0,0,0,0,0,0,0,0,0,0,0,0,0,0,0,0,0,0,0,0,0,0,0,0,0,0,0,0,0,0,4,0,0,6
0,0,0,0,0,0,0,0,0,0,0,0,0,0.957655,0.957655,0,0,0,0,0,0,0,0,0,0,0,0,0,0,0,0,0,0,0.0327122,0.0327122,0.753606,0.753606,0,0,0.904925,0.904925,0.958042,0.958042,0,0,0,0,0,0,0,0,0,0,0,0,0,0,0,0,0,0,0,0,0,0,0,0.642,0.642,0,0,0,0,0,0,0,0,0,0,0,0,0,0,0,0.317975,0.317975,0,0,0,0,0,0,0,0,0.171011,0.171011,0,0,0,0,0,0,0,0,0,0,0,0,0,0,0,0,0,0,0,0,0,0,0,0,0,0,0,0,0,0,0,0,0,0,0,0,0,0,0,0,0,0,0,0,0,0,0,0,0,0,0,0,0,0,0,5,0,0,6
0,0,0.174666,0,0,0,0,0,0,0,0,0,0,0,0,0,0,0,0,0,0,0,0,0,0,0,0,0,0,0,0,0,0,0,0,0.753606,0.753606,0,0,0.904925,0.904925,0.770319,0.770319,0,0,0.00364301,0.00364301,0,0,0,0,0.966245,0.966245,0,0,0,0,0,0,0,0,0,0,0,0,0,0.642,0.642,0,0,0,0,0,0,0,0,0,0,0,0,0,0,0,0.317975,0.317975,0,0,0,0,0,0,0,0,0.171011,0.171011,0,0,0,0,0,0,0,0,0,0,0,0,0,0,0,0,0,0,0,0,0,0,0.00274539,0,0,0,0,0,0,0,0,0,0,0,0.00274539,0,0,0,0,0,0,0,0,0,0,0,0,0,0,0,0,0,0,0,0,6,1,1,6
0,0,0,0,0,0,0,0,0,0,0,0,0,0.209924,0.209924,0,0,0,0,0,0,0,0,0,0,0,0,0,0,0,0,0,0,0,0,0,0,0,0,0.628871,0.628871,0,0,0,0,0,0,0,0,0,0,0,0,0,0,0,0,0,0,0.812662,0.812662,0,0,0,0,0,0,0,0,0,0,0,0,0,0,0,0,0,0,0,0,0,0,0.0457749,0.0457749,0,0,0,0,0,0,0,0,0,0,0,0,0,0,0,0,0,0,0,0,0,0,0,0,0,0,0,0,0,0,0,0,0,0,0,0,0,0,0,0,0,0,0,0,0,0,0,0,0,0,0,0,0,0,0,0,0,0,0,0,0,0,0,0,0,7,0,0,6
0,0,0,0,0,0,0,0,0,0,0,0,0,0,0,0,0,0,0,0,0,0,0,0,0,0,0,0,0,0,0,0.0999652,0.0999652,0.0163561,0.0163561,0.753606,0.753606,0,0,0.904925,0.904925,0.560304,0.560304,0,0,0.0018215,0.0018215,0,0,0,0,0,0,0,0,0,0,0,0,0,0,0,0,0,0,0,0.642,0.642,0,0,0,0,0,0,0,0,0,0,0,0.0780046,0.0780046,0,0,0.317975,0.317975,0,0,0,0,0,0,0,0,0.171011,0.171011,0,0,0,0,0,0,0,0,0,0,0,0,0,0,0,0,0,0,0,0,0,0,0.0013727,0,0,0,0,0,0,0,0,0,0,0,0.0013727,0,0,0,0,0,0,0,0,0,0,0,0,0,0,0,0,0,0,0,0,8,0,0,6
0,0,0,0,0,0,0,0,0,0,0,0,0,0,0,0,0,0,0,0,0,0,0,0,0,0,0,0,0,0,0,0,0,0,0,0.753606,0.753606,0,0,0.904925,0.904925,0.770319,0.770319,0,0,0,0,0,0,0,0,0,0,0,0,0,0,0,0,0,0,0,0,0,0,0,0.642,0.642,0,0,0,0,0,0,0,0,0,0,0,0.156009,0.156009,0,0,0.317975,0.317975,0,0,0,0,0,0,0,0,0.171011,0.171011,0,0,0,0,0,0,0,0,0,0,0,0,0,0,0,0,0,0,0,0,0,0,0,0,0,0,0,0,0,0,0,0,0,0,0,0,0,0,0,0,0,0,0,0,0,0,0,0,0,0,0,0,0,0,0,9,0,0,6
0,0,0.583181,0,0,0,0,0,0,0.125252,0.125252,0.78935,0.78935,0,0,0,0,0,0,0,0,0,0,0.115304,0.152309,0.128152,0.068671,0,0,0,0,0,0,0,0,0,0,0,0,0,0,0,0,0.889145,0.889145,0,0,0,0,0,0,0,0,0,0,0,0,0,0,0,0,0,0.774124,0.774124,0,0,0,0,0,0,0,0,0,0,0,0,0,0,0,0.601684,0.601684,0,0,0,0,0,0,0,0,0,0,0,0,0,0,0,0,0,0,0,0,0,0,0,0,0,0,0,0,0,0,0,0,0,0,0,0,0,0,0,0,0,0,0,0,0,0,0,0,0,0,0,0,0,0,0,0,0,0,0,0,0,0,0,0,0,0,0,0,0,10,0,0,6
0,0,0.174666,0,0,0,0,0.566712,0.566712,0,0,0,0,0,0,0,0,0,0,0,0,0,0,0,0,0,0,0,0,0,0,0.19993,0.19993,0.0327122,0.0327122,0.753606,0.753606,0,0,0.904925,0.904925,0.770319,0.770319,0.114424,0.114424,0,0,0,0,0,0,0.966245,0.966245,0,0,0,0,0,0,0,0,0,0,0,0,0,0.642,0.642,0,0,0,0,0,0,0,0,0,0,0,0.543005,0.543005,0,0,0.317975,0.317975,0,0,0,0,0,0,0,0,0.1624,0.1624,0,0,0,0,0,0,0,0,0,0,0,0,0,0,0,0,0,0,0,0,0,0,0,0,0,0,0,0,0,0,0,0,0,0,0,0,0,0,0,0,0,0,0,0,0,0,0,0,0,0,0,0,0,0,0,1,0,0,7
0,0,0.174666,0,0,0,0,0,0,0,0,0,0,0,0,0,0,0,0,0,0,0,0,0,0,0,0,0,0,0,0,0.19993,0.19993,0.0327122,0.0327122,0.753606,0.753606,0,0,0.734372,0.734372,0.350288,0.350288,0.114424,0.114424,0,0,0,0,0,0,0,0,0,0,0,0,0,0,0,0,0,0,0,0,0,0.642,0.642,0,0,0,0,0.0367259,0,0,0,0,0,0,0,0,0,0,0.317975,0.317975,0,0,0,0,0,0,0,0,0.171011,0.171011,0,0,0,0,0,0,0,0,0,0,0,0,0,0,0,0,0,0,0,0,0,0,0,0,0,0,0,0,0,0,0,0,0,0,0,0,0,0,0,0,0,0,0,0,0,0,0,0,0,0,0,0,0,0,0,2,1,1,7
0,0,0,0,0,0,0,0.145066,0.145066,0,0,0,0,0.237047,0.237047,0,0,0,0,0,0,0,0,0.0601302,0.0798572,0,0.0252047,0,0,0,0,0,0,0,0,0,0,0,0,0,0,0,0,0,0,0,0,0,0,0.249922,0.249922,0,0,0,0,0.827522,0.827522,0,0,0.361262,0.361262,0,0,0,0,0,0.798177,0.798177,0,0,0,0,0,0,0,0,0,0,0,0,0,0,0,0,0,0,0,0,0,0,0,0,0,0,0,0,0,0,0,0,0,0,0,0,0,0,0,0,0,0,0,0,0,0,0,0,0,0,0,0,0,0,0,0,0,0,0,0,0,0,0,0,0,0,0,0,0,0,0,0,0,0,0,0,0,0,0,0,0,0,3,0,0,7
0,0,0,0,0,0,0,0,0,0,0,0,0,0,0,0,0,0,0,0,0,0,0,0,0,0,0,0.570404,0.570404,0,0,0.19993,0.19993,0.675606,0.675606,0.753606,0.753606,0,0,0.904925,0.904925,0.770319,0.770319,0,0,0,0,0,0,0,0,0.966245,0.966245,0,0,0,0,0,0,0,0,0,0,0,0,0,0.642,0.642,0,0,0,0,0,0,0,0,0,0,0,0,0,0,0,0.317975,0.317975,0,0,0,0,0,0,0,0,0.171011,0.171011,0,0,0,0,0,0,0,0,0,0,0,0,0,0,0,0,0,0,0,0,0,0,0,0,0.114041,0,0,0,0,0,0,0,0,0,0,0,0.114041,0,0,0,0,0,0,0,0,0,0,0,0,0,0,0,0,0,0,4,0,0,7
0,0,0.0873329,0,0,0,0,0,0,0,0,0,0,0,0,0,0,0,0,0,0,0,0,0,0,0,0,0,0,0,0,0.0999652,0.0999652,0.0163561,0.0163561,0.753606,0.753606,0,0,0.904925,0.904925,0.560304,0.560304,0.0572118,0.0572118,0.0018215,0.0018215,0,0,0,0,0.483123,0.483123,0,0,0,0,0,0,0,0,0,0,0,0,0,0.642,0.642,0,0,0,0,0,0,0,0,0,0,0,0.271502,0.271502,0,0,0.317975,0.317975,0,0,0,0,0,0,0,0,0.171011,0.171011,0,0,0,0,0,0,0,0,0,0,0,0,0,0,0,0,0,0,0,0,0,0,0.0013727,0,0,0,0,0,0,0,0,0,0,0,0.0013727,0,0,0,0,0,0,0,0,0,0,0,0,0,0,0,0,0,0,0,0,5,0,0,7
0,0,0,0,0.902858,0,0,0,0,0.861392,0.861392,0,0,0,0,0,0,0,0,0,0,0,0,0.272306,0.327097,0.277693,0.326567,0,0,0.0733201,0.0733201,0.111812,0.111812,0,0,0,0,0,0,0,0,0,0,0,0,0,0,0,0,0,0,0,0,0.446105,0.446105,0,0,0,0,0,0,0,0,0,0,0,0,0,0.366917,0.366917,0,0,0,0,0,0,0,0,0,0,0,0,0,0,0,0,0,0,0,0,0,0,0,0,0,0,0,0,0,0,0,0,0,0,0,0,0,0,0,0,0,0,0,0,0,0,0,0,0,0,0,0,0,0,0,0,0,0,0,0,0,0,0,0,0,0,0,0,0,0,0,0,0,0,0,0,0,0,0,0,6,0,0,7
0,0,0.174666,0,0,0,0,0,0,0,0,0,0,0,0,0,0,0,0,0,0,0,0,0,0,0,0,0,0,0,0,0,0,0,0,0.753606,0.753606,0,0,0.904925,0.904925,0.770319,0.770319,0,0,0.00364301,0.00364301,0,0,0,0,0.966245,0.966245,0,0,0,0,0,0,0,0,0,0,0,0,0,0.642,0.642,0,0,0,0,0,0,0,0,0,0,0,0,0,0,0,0.317975,0.317975,0,0,0,0,0,0,0,0,0.171011,0.171011,0,0,0,0,0,0,0,0,0,0,0,0,0,0,0,0,0,0,0,0,0,0,0.00274539,0,0,0,0,0,0,0,0,0,0,0,0.00274539,0,0,0,0,0,0,0,0,0,0,0,0,0,0,0,0,0,0,0,0,7,1,0,7
0,0,0.174666,0,0,0,0,0,0,0,0,0,0,0,0,0,0,0,0,0,0,0,0,0,0,0,0,0,0,0,0,0.19993,0.19993,0.0327122,0.0327122,0.753606,0.753606,0,0,0.904925,0.904925,0.350288,0.350288,0.114424,0.114424,0.138744,0.138744,0,0,0,0,0,0,0,0,0,0,0,0,0,0,0,0,0,0,0,0.642,0.642,0.690854,0.690854,0,0,0,0,0,0,0,0,0,0,0,0,0,0.317975,0.317975,0,0,0,0,0,0,0,0,0.171011,0.171011,0,0,0,0,0,0,0,0,0,0,0,0,0,0,0,0,0,0,0,0,0,0,0.104559,0,0,0,0,0,0,0,0,0,0,0,0.104559,0,0,0,0,0,0,0,0,0,0,0,0,0,0,0,0,0,0,0,0,8,0,0,7
0,0,0,0,0,0,0,0,0,0,0,0.0771785,0.0771785,0,0,0,0,0,0,0,0,0,0,0,0,0,0,0.656687,0.656687,0,0,0,0,0,0,0,0,0,0,0.553278,0.553278,0.306212,0.306212,0,0,0,0,0,0,0,0,0,0,0,0,0,0,0,0,0,0,0,0,0,0,0,0,0,0,0,0,0,0,0,0,0.366947,0.366947,0,0,0,0,0,0,0,0,0,0,0,0,0,0,0,0,0,0,0,0,0,0,0,0,0,0,0,0,0,0,0,0,0,0,0,0,0,0,0,0,0,0,0,0,0,0,0,0,0,0,0,0,0,0,0,0,0,0,0,0,0,0,0,0,0,0,0,0,0,0,0,0,0,9,0,0,7
0,0,0.88433,0,0,0,0,0,0,0,0,0,0,0,0,0,0,0,0,0,0,0,0,0,0,0,0,0,0,0,0,0,0,0,0,0.755439,0.755439,0,0,0,0,0.00360976,0.00360976,0,0,0.786296,0.786296,0.92396,0.92396,0.690028,0.690028,0,0,0,0,0,0,0,0,0,0,0,0,0,0,0,0,0,0,0,0,0,0,0,0,0,0,0,0,0,0,0,0,0,0,0,0,0,0,0,0,0,0,0,0,0,0,0,0,0,0,0,0,0.294743,1,0,0,0,0,0,0,0.548831,0.697996,0.726506,0,0,0,0.593998,0,0,0,0,0,0,0.697996,0.726506,0,0,0,0.593998,0,0,0,0,0,0,0,0,0,0,0,0,0,0,0,0,0,0,0,0,10,0,0,7
0,0,0.174666,0,0,0,0,0,0,0,0,0,0,0.971319,0.971319,0,0,0,0,0,0,0,0,0,0,0,0,0,0,0,0,0.19993,0.19993,0.0327122,0.0327122,0.753606,0.753606,0,0,0.734372,0.734372,0.350288,0.350288,0.114424,0.114424,0,0,0,0,0,0,0.966245,0.966245,0,0,0,0,0,0,0,0,0,0,0,0,0,0.642,0.642,0,0,0,0,0.0367259,0,0,0,0,0.239768,0.239768,0,0,0,0,0.317975,0.317975,0,0,0,0,0,0,0,0,0.171011,0.171011,0,0,0,0,0,0,0,0,0,0,0,0,0,0,0,0,0,0,0,0,0,0,0,0,0,0,0,0,0,0,0,0,0,0,0,0,0,0,0,0,0,0,0,0,0,0,0,0,0,0,0,0,0,0,0,1,0,0,8
0,0,0.174666,0,0,0,0,0,0,0,0,0,0,0,0,0,0,0,0,0,0,0,0,0,0,0,0,0,0,0,0,0.19993,0.19993,0.147644,0.147644,0.307833,0.307833,0,0,0.734372,0.734372,0.770319,0.770319,0,0,0,0,0,0,0,0,0.966245,0.966245,0,0,0,0,0,0,0,0,0,0,0,0,0,0.642,0.642,0,0,0,0,0,0,0,0,0,0,0,0,0,0,0,0.317975,0.317975,0,0,0,0,0,0,0,0,0.171011,0.171011,0,0,0,0,0,0,0,0,0,0,0,0,0,0,0,0,0,0,0,0,0,0,0,0,0,0,0,0,0,0,0,0,0,0,0,0,0,0,0,0,0,0,0,0,0,0,0,0,0,0,0,0,0,0,0,2,0,0,8
0,0,0.174666,0,0,0,0,0,0,0.552402,0.552402,0,0,0,0,0,0,0,0,0,0,0,0,0.0596353,0.0761453,0,0.0563618,0,0,0,0,0.19993,0.19993,0,0,0.753606,0.753606,0,0,0.734372,0.734372,0.350288,0.350288,0.114424,0.114424,0.878721,0.878721,0,0,0,0,0,0,0,0,0,0,0,0,0,0,0,0,0,0,0,0.642,0.642,0,0,0,0,0,0,0,0,0,0,0,0,0,0,0,0.317975,0.317975,0,0,0,0,0,0,0,0,0.171011,0.171011,0,0,0,0,0,0,0,0,0,0,0,0,0,0,0,0,0,0,0,0,0,0,0.66221,0,0,0,0,0,0,0,0,0,0,0,0.66221,0,0,0,0,0,0,0,0,0,0,0,0,0,0,0,0,0,0,0,0,3,0,0,8
0,0,0,0,0,0,0,0,0,0,0,0,0,0,0,0,0,0,0,0,0,0,0,0,0,0,0,0.382018,0.382018,0.790201,0.790201,0,0,0,0,0,0,0,0,0,0,0,0,0,0,0,0,0,0,0,0,0,0,0.602306,0.602306,0,0,0,0,0,0,0.885558,0,0,0.909281,0.909281,0,0,0.204753,0.204753,0,0,0,0,0,0,0,0,0,0,0,0,0,0,0,0,0,0,0,0,0,0,0,0,0,0,0,0,0,0,0,0,0,0,0,0,0,0,0,0,0,0,0,0,0,0,0,0,0,0,0,0,0,0,0,0,0,0,0,0,0,0,0,0,0,0,0,0,0,0,0,0,0,0,0,0,0,0,0,0,4,0,0,8
0,0,0,0,0,0,0,0.282205,0.282205,0,0,0,0,0,0,0,0,0,0,0,0,0,0,0,0,0,0,0.0195956,0.0195956,0,0,0.959632,0.959632,0,0,0,0,0.198153,0.198153,0,0,0,0,0.87843,0.87843,0,0,0,0,0,0,0,0,0,0,0,0,0,0,0,0,0,0,0,0,0,0,0,0,0,0,0,0,0,0,0,0,0,0,0,0,0.154965,0.154965,0,0,0,0,0,0,0,0,0,0,0,0,0,0,0,0,0,0,0,0,0,0,0,0,0,0,0,0,0,0,0,0,0,0,0,0,0.0188045,0,0,0,0,0,0,0,0,0,0,0,0.0188045,0,0,0,0,0,0,0,0,0,0,0,0,0,0,0,0,0,0,5,0,0,8
0,0,0.174666,0,0,0,0,0,0,0,0,0,0,0,0,0,0,0,0,0,0,0,0,0,0,0,0,0,0,0,0,0.19993,0.19993,0.0327122,0.0327122,0.753606,0.753606,0,0,0.734372,0.734372,0.350288,0.350288,0.114424,0.114424,0,0,0,0,0,0,0,0,0,0,0,0,0,0,0,0,0,0,0,0,0,0.642,0.642,0,0,0,0,0.0367259,0,0,0,0,0,0,0,0,0,0,0.317975,0.317975,0,0,0,0,0,0,0,0,0.171011,0.171011,0,0,0,0,0,0,0,0,0,0,0,0,0,0,0,0,0,0,0,0,0,0,0,0,0,0,0,0,0,0,0,0,0,0,0,0,0,0,0,0,0,0,0,0,0,0,0,0,0,0,0,0,0,0,0,6,1,0,8
0,0,0.174666,0,0,0,0,0,0,0,0,0,0,0,0,0,0,0,0,0,0,0,0,0,0,0,0,0,0,0,0,0.0999652,0.0999652,0.0163561,0.0163561,0.753606,0.753606,0,0,0.819648,0.819648,0.560304,0.560304,0.0572118,0.0572118,0.0018215,0.0018215,0,0,0,0,0.483123,0.483123,0,0,0,0,0,0,0,0,0,0,0,0,0,0.642,0.642,0,0,0,0,0.0183629,0,0,0,0,0,0,0,0,0,0,0.317975,0.317975,0,0,0,0,0,0,0,0,0.171011,0.171011,0,0,0,0,0,0,0,0,0,0,0,0,0,0,0,0,0,0,0,0,0,0,0.0013727,0,0,0,0,0,0,0,0,0,0,0,0.0013727,0,0,0,0,0,0,0,0,0,0,0,0,0,0,0,0,0,0,0,0,7,1,1,8
0,0,0,0,0,0,0,0,0,0,0,0,0,0.169786,0.169786,0,0,0,0,0,0,0,0,0,0,0,0,0,0,0,0,0,0,0,0,0,0,0,0,0.725604,0.725604,0,0,0,0,0,0,0,0,0,0,0,0,0,0,0,0,0,0,0,0,0,0.695273,0.695273,0,0,0.0671488,0.0671488,0.588708,0.588708,0,0,0,0,0,0,0,0,0,0,0,0.94843,0.94843,0,0,0,0,0,0,0,0,0,0,0,0,0,0,0,0,0,0,0,0,0,0,0,0,0,0,0,0,0,0,0,0,0,0,0,0,0,0,0,0,0,0,0,0,0,0,0,0,0,0,0,0,0,0,0,0,0,0,0,0,0,0,0,0,0,0,0,8,0,0,8
0,0,0.174666,0.854624,0,0,0,0,0,0,0,0,0,0,0,0,0,0,0,0,0,0,0,0,0,0,0,0,0,0,0,0,0,0.0327122,0.0327122,0.753606,0.753606,0,0,0.226117,0.226117,0.350288,0.350288,0.114424,0.114424,0.00364301,0.00364301,0,0,0,0,0,0,0,0,0,0,0,0,0,0,0,0,0,0,0,0.642,0.642,0,0,0,0,0,0,0,0,0,0,0,0,0,0,0,0.317975,0.317975,0,0,0,0,0,0,0,0,0.171011,0.171011,0,0,0,0,0,0,0,0,0,0,0,0,0,0,0,0,0,0,0,0,0,0,0.00274539,0,0,0,0,0,0,0,0,0,0,0,0.00274539,0,0,0,0,0,0,0,0,0,0,0,0,0,0,0,0,0,0,0,0,9,0,0,8
0,0,0,0,0,0,0,0,0,0,0,0,0,0.675324,0.675324,0,0,0,0,0,0,0,0,0,0,0,0,0,0,0,0,0.761184,0.761184,0,0,0,0,0,0,0,0,0,0,0,0,0.870187,0.870187,0.94122,0.94122,0,0,0,0,0,0,0,0,0,0,0,0,0,0,0,0,0,0,0,0.235178,0.235178,0,0,0,0,0,0,0,0.460965,0.460965,0,0,0,0,0,0,0,0,0,0,0,0,0,0,0,0,0,0,0,0,0,0,0.66533,0.768289,0.661686,0.547031,0,0,0,0,0,0,0,0,0.819038,0,0,0,0,0,0,0,0,0,0,0,0.819038,0,0,0,0,0,0,0,0,0,0,0,0,0,0,0,0,0,0,0,0,0,0,0,0,10,0,0,8
