lftUprLipRas,rgtBrwLwr,lftUprLidRas,lftUprLipStr,lftLwrLipStr,lftLwrLidTgt,lftChkRas,lftLwrLidRas,lftCnrDep,rgtNstrlFlr,ID,Group
0.0,0.0,0.0,0.512434,0.0,0.818501,0.0,0.0,0.0,0.0,S1HC08,HC
0.0961813,0.0,0.0,0.494452,0.686426,0.0,0.0,0.0,0.0,0.0,S1HC08,HC
0.950151,0.0,0.779415,0.0,0.760113,0.0,0.0,0.59847,0.0,0.0,S1HC08,HC
0.0,0.0,0.0,0.0,0.0,0.0,0.0,0.599223,0.0,0.0,S1HC08,HC
0.0961813,0.0,0.0,0.494452,0.0,0.124312,0.0,0.0,0.0,0.0,S1HC08,HC
0.261583,0.0,0.194854,0.251721,0.361635,0.204625,0.0,0.299423,0.0,0.0,S1HC08,HC
0.0,0.0,0.0,0.788758,0.0,0.0,0.0,0.119923,0.159694,0.484705,S1HC08,HC
0.0961813,0.0,0.779415,0.0,0.686426,0.967696,0.0,0.59847,0.0,0.0,S1HC08,HC
0.0961813,0.0,0.779415,0.0,0.686426,0.967696,0.0,0.59847,0.0,0.0,S1HC08,HC
0.0961813,0.0,0.779415,0.788758,0.686426,0.967696,0.0,0.119923,0.0,0.484705,S1HC08,HC
0.0,0.0,0.0,0.494452,0.510829,0.0,0.0,0.119923,0.159694,0.484705,S1HC08,HC
0.113486,0.0,0.243567,0.383733,0.262015,0.324158,0.0,0.254454,0.0399236,0.121176,S1HC08,HC
0.0,0.0,0.0,0.494452,0.0,0.0,0.0,0.0,0.159694,0.0,S1HC08,HC
0.113486,0.0,0.243567,0.494452,0.0,0.324158,0.0,0.0,0.0399236,0.121176,S1HC08,HC
0.0961813,0.0,0.779415,0.788758,0.686426,0.967696,0.0,0.119923,0.0,0.484705,S1HC08,HC
0.0961813,0.0,0.779415,0.0,0.686426,0.967696,0.0,0.59847,0.0,0.484705,S1HC08,HC
0.104834,0.0,0.511491,0.641605,0.343213,0.645927,0.0,0.0599617,0.0199618,0.302941,S1HC08,HC
0.0961813,0.0,0.779415,0.788758,0.686426,0.967696,0.0,0.119923,0.0,0.484705,S1HC08,HC
0.0961813,0.0,0.779415,0.0,0.686426,0.967696,0.0,0.119923,0.0,0.484705,S1HC08,HC
0.10195,0.0,0.600799,0.427737,0.457617,0.753184,0.0,0.239464,0.0133079,0.363529,S1HC08,HC
0.113486,0.0,0.243567,0.672921,0.0,0.324158,0.0,0.0,0.0399236,0.121176,S1HC08,HC
0.0961813,0.0,0.779415,0.788758,0.686426,0.967696,0.0,0.119923,0.0,0.484705,S1HC08,HC
0.0961813,0.0,0.779415,0.0,0.686426,0.967696,0.0,0.119923,0.0,0.484705,S1HC08,HC
0.104834,0.0,0.511491,0.730839,0.343213,0.645927,0.0,0.0599617,0.0199618,0.302941,S1HC08,HC
0.113486,0.0,0.243567,0.672921,0.0,0.967696,0.0,0.119923,0.0399236,0.121176,S1HC08,HC
0.113486,0.0,0.243567,0.672921,0.0,0.324158,0.0,0.416671,0.0399236,0.121176,S1HC08,HC
0.101469,0.0,0.615684,0.553296,0.476685,0.77106,0.0,0.109866,0.0121989,0.373627,S1HC08,HC
0.0961813,0.0,0.779415,0.788758,0.686426,0.967696,0.0,0.119923,0.0,0.484705,S1HC08,HC
0.307968,0.0,0.0,0.0,0.0,0.0,0.0,0.539675,0.0,0.657304,S1HC08,HC
0.104834,0.0,0.511491,0.672921,0.343213,0.967696,0.423442,0.119923,0.0199618,0.121176,S1HC08,HC
0.0961813,0.0,0.779415,0.788758,0.686426,0.967696,0.0,0.119923,0.0,0.484705,S1HC08,HC
0.0988251,0.0,0.697549,0.671027,0.581556,0.869378,0.0,0.114895,0.00609944,0.429166,S1HC08,HC
0.133372,0.0,0.453305,0.488391,0.31325,0.663462,0.0,0.212278,0.0160011,0.363662,S1HC08,HC
0.113486,0.0,0.243567,0.672921,0.0,0.967696,0.0,0.119923,0.0399236,0.121176,S1HC08,HC
0.101469,0.0,0.615684,0.730839,0.476685,0.77106,0.0,0.109866,0.104972,0.373627,S1HC08,HC
0.0961813,0.0,0.779415,0.788758,0.686426,0.967696,0.0,0.119923,0.0,0.484705,S1HC08,HC
0.133372,0.0,0.453305,0.488391,0.31325,0.663462,0.0,0.119923,0.0160011,0.484705,S1HC08,HC
0.0,0.977551,0.0,0.0,0.0,0.633611,0.0,0.0,0.0,0.0,S1HC08,HC
0.101469,0.323622,0.453305,0.488391,0.31325,0.663462,0.0,0.109866,0.104972,0.363662,S1HC08,HC
0.0,0.816623,0.0,0.0,0.0,0.0,0.0,0.0,0.0,0.0,S1HC08,HC
0.0961813,0.0,0.453305,0.488391,0.686426,0.967696,0.0,0.119923,0.0,0.484705,S1HC08,HC
0.0,0.0,0.0,0.0,0.0,0.0,0.0,0.0,0.0,0.0,S1HC08,HC
0.104834,0.0,0.511491,0.730839,0.343213,0.967696,0.0,0.119923,0.0199618,0.302941,S1HC08,HC
0.108028,0.0,0.550169,0.670809,0.400188,0.867831,0.0705736,0.132801,0.0311597,0.315586,S1HC08,HC
0.0,0.10209,0.0,0.989584,0.0,0.0,0.0,0.682445,0.0,0.0,S1HC08,HC
0.0,0.0,0.0,0.0,0.824424,0.0,0.0,0.0,0.0,0.0,S1PT16,PT
0.158051,0.0,0.952342,0.0,0.0,0.0,0.64411,0.0,0.0,0.0,S1PT16,PT
0.0,0.674745,0.0,0.0,0.0,0.0,0.0,0.0,0.0,0.0,S1PT16,PT
0.764107,0.0,0.0,0.0131255,0.806298,0.974317,0.0,0.0,0.0,0.0,S1PT16,PT
0.0,0.0,0.0,0.0,0.571363,0.155301,0.0,0.0,0.0,0.0,S1PT16,PT
0.0,0.309279,0.711827,0.741097,0.206904,0.0,0.0,0.0,0.0,0.0,S1PT16,PT
0.0,0.208555,0.0,0.0,0.0,0.0,0.0,0.697366,0.0,0.0,S1PT16,PT
0.158051,0.0,0.952342,0.0,0.0,0.0,0.64411,0.0,0.0,0.0,S1PT16,PT
0.957918,0.0,0.0,0.0,0.0,0.619585,0.0,0.0,0.0,0.0,S1PT16,PT
0.0,0.0,0.0,0.0,0.824424,0.0,0.0,0.0,0.0,0.0,S1PT16,PT
0.382054,0.0,0.0,0.00656275,0.815361,0.487158,0.0,0.0,0.0,0.0,S1PT16,PT
0.362178,0.0,0.0,0.0,0.0,0.0,0.0,0.0,0.441829,0.0,S1PT16,PT
0.0,0.0,0.0,0.0,0.824424,0.0,0.550471,0.0,0.0,0.0,S1PT16,PT
0.362178,0.0,0.0,0.00656275,0.815361,0.0,0.0,0.0,0.0,0.0,S1PT16,PT
0.0,0.0,0.621578,0.0,0.0,0.123768,0.0,0.0,0.0,0.0,S1PT16,PT
0.0,0.0,0.524388,0.625331,0.888956,0.0,0.0,0.0,0.0,0.0,S1PT16,PT
0.382054,0.0,0.0,0.716885,0.815361,0.487158,0.0,0.0,0.0,0.0,S1PT16,PT
0.0,0.208555,0.0,0.0,0.0,0.0,0.0,0.697366,0.0,0.0,S1PT16,PT
0.0,0.0,0.0,0.0,0.824424,0.684307,0.550471,0.0,0.0,0.0,S1PT16,PT
0.0,0.208555,0.0,0.0,0.0,0.0,0.0,0.697366,0.0,0.0,S1PT16,PT
0.382054,0.208555,0.0,0.0,0.0,0.0,0.0,0.697366,0.489742,0.0,S1PT16,PT
0.106319,0.0595871,0.163709,0.192683,0.477729,0.185033,0.0786387,0.199247,0.0,0.0,S1PT16,PT
0.382054,0.0,0.0,0.716885,0.815361,0.487158,0.0,0.0,0.0,0.0,S1PT16,PT
0.0,0.208555,0.0,0.0,0.824424,0.696252,0.550471,0.0,0.0,0.0,S1PT16,PT
0.0,0.0,0.0,0.0,0.0,0.0,0.0,0.0,0.0,0.0,S1PT16,PT
0.382054,0.0,0.0,0.716885,0.815361,0.487158,0.0,0.0,0.0,0.0,S1PT16,PT
0.0,0.0,0.0,0.716885,0.815361,0.487158,0.0,0.0,0.0,0.0,S1PT16,PT
0.208747,0.0794495,0.0272849,0.271075,0.488813,0.309267,0.104852,0.149436,0.0816237,0.0,S1PT16,PT
0.382054,0.104277,0.0,0.358442,0.407681,0.243579,0.0,0.348683,0.244871,0.0,S1PT16,PT
0.382054,0.0,0.0,0.716885,0.815361,0.487158,0.0,0.0,0.489742,0.0,S1PT16,PT
0.382054,0.0,0.0,0.716885,0.815361,0.487158,0.0,0.0,0.0,0.0,S1PT16,PT
0.106319,0.0595871,0.163709,0.192683,0.477729,0.185033,0.0786387,0.199247,0.0,0.709658,S1PT16,PT
0.0,0.0,0.0,0.0,0.114664,0.0,0.0184309,0.0,0.0,0.0,S1PT16,PT
0.0,0.0,0.0,0.0,0.0,0.0,0.0,0.0,0.497514,0.0,S1PT16,PT
0.0,0.0,0.0,0.716885,0.0,0.0,0.0,0.0,0.0,0.0,S1PT16,PT
0.208747,0.0794495,0.0272849,0.0,0.488813,0.309267,0.104852,0.149436,0.0816237,0.0,S1PT16,PT
0.0,0.0,0.0,0.644183,0.976279,0.0,0.0,0.0,0.0,0.0,S1PT16,PT
0.244186,0.0297935,0.0818547,0.454784,0.646545,0.336096,0.0393193,0.0996237,0.244871,0.354829,S1PT16,PT
0.182653,0.0304142,0.0238743,0.371607,0.491871,0.274919,0.0252401,0.0871707,0.164219,0.0887073,S1PT16,PT
0.382054,0.104277,0.163709,0.192683,0.407681,0.243579,0.0,0.348683,0.244871,0.0,S1PT16,PT
0.208347,0.0,0.0,0.0,0.0,0.0,0.0,0.0,0.0,0.585851,S1PT16,PT
0.870246,0.0,0.0,0.0439117,0.0,0.0,0.0,0.0820961,0.0,0.0,S1PT16,PT
0.382054,0.0,0.0,0.716885,0.815361,0.487158,0.0,0.0,0.489742,0.0,S1PT16,PT
0.191027,0.0,0.0,0.716885,0.407681,0.243579,0.0,0.0,0.244871,0.0,S1PT16,PT
0.275365,0.0271039,0.0329693,0.348993,0.425172,0.183447,0.0188235,0.0852232,0.136147,0.114376,S1PT16,PT
0.0,0.0,0.0,0.547456,0.0,0.0,0.0,0.472244,0.0,0.0,S1PT16,PT
0.244186,0.104277,0.163709,0.192683,0.407681,0.243579,0.0,0.348683,0.244871,0.0,S1PT16,PT
0.208347,0.0,0.0,0.0,0.0,0.0,0.0,0.0,0.0,0.585851,S1PT16,PT
0.0,0.546114,0.0,0.0,0.469643,0.0,0.0,0.0,0.0,0.0,S1PT16,PT
0.382054,0.104277,0.163709,0.192683,0.407681,0.0,0.0,0.348683,0.244871,0.0,S1PT16,PT
0.382054,0.0,0.0,0.716885,0.815361,0.487158,0.0,0.0,0.489742,0.0,S1PT16,PT
0.191027,0.0,0.0,0.716885,0.407681,0.147119,0.0,0.0,0.244871,0.0,S1PT16,PT
0.191027,0.0,0.389571,0.716885,0.469643,0.0,0.0,0.0,0.244871,0.0,S1PT16,PT
0.0,0.797386,0.0,0.0,0.0,0.0,0.0,0.0,0.208182,0.0,S1PT16,PT
0.382054,0.0,0.7189,0.716885,0.469643,0.0,0.0,0.662021,0.489742,0.0,S1PT16,PT
0.382054,0.0,0.0,0.716885,0.815361,0.487158,0.0,0.0,0.489742,0.0,S1PT16,PT
0.210379,0.0977216,0.0450485,0.339448,0.366652,0.14472,0.00235293,0.156854,0.170063,0.0875284,S1PT16,PT
0.191027,0.273057,0.0,0.358442,0.642502,0.243579,0.0,0.0,0.244871,0.0,S1PT16,PT
0.0,0.0,0.0,0.0,0.0,0.0,0.0,0.0,0.0,0.371252,S1PT16,PT
0.0,0.0,0.231202,0.0,0.0,0.0,0.0,0.0,0.0,0.0,S1PT16,PT
0.0,0.842085,0.0,0.0,0.0,0.218395,0.0,0.54523,0.0,0.0,S1HC26,HC
0.0,0.0,0.561458,0.0,0.0,0.30774,0.0,0.0,0.273844,0.982337,S1HC26,HC
0.0,0.421043,0.280729,0.0,0.0,0.263067,0.0,0.272615,0.136922,0.491168,S1HC26,HC
0.0,0.842085,0.0,0.0,0.0,0.218395,0.0,0.54523,0.0,0.0,S1HC26,HC
0.0,0.421043,0.280729,0.0,0.134481,0.218395,0.0,0.272615,0.0,0.0,S1HC26,HC
0.0,0.580214,0.280729,0.965412,0.0,0.218395,0.0,0.54523,0.0,0.0,S1HC26,HC
0.0,0.842085,0.0,0.0,0.0,0.218395,0.0,0.54523,0.0,0.0,S1HC26,HC
0.500159,0.421043,0.280729,0.0,0.0,0.218395,0.865959,0.272615,0.136922,0.491168,S1HC26,HC
0.0,0.842085,0.0,0.0,0.0,0.497717,0.0,0.54523,0.136922,0.0,S1HC26,HC
0.500159,0.421043,0.280729,0.0,0.0,0.218395,0.865959,0.272615,0.136922,0.491168,S1HC26,HC
0.100032,0.621294,0.168437,0.193082,0.0268962,0.274259,0.173192,0.436184,0.0547689,0.0982337,S1HC26,HC
0.0,0.421043,0.280729,0.965412,0.134481,0.218395,0.0,0.54523,0.0,0.0,S1HC26,HC
0.500159,0.421043,0.280729,0.0,0.0,0.218395,0.865959,0.272615,0.136922,0.491168,S1HC26,HC
0.0,0.842085,0.0,0.965412,0.348099,0.218395,0.0,0.583869,0.0,0.0,S1HC26,HC
0.500159,0.421043,0.280729,0.0,0.0,0.218395,0.0,0.272615,0.136922,0.0,S1HC26,HC
0.0,0.621294,0.0,0.941991,0.348099,0.218395,0.173192,0.583869,0.524003,0.0,S1HC26,HC
0.500159,0.421043,0.280729,0.0,0.0,0.218395,0.865959,0.272615,0.136922,0.491168,S1HC26,HC
0.22007,0.545301,0.202125,0.424781,0.101895,0.229568,0.381022,0.422102,0.0657227,0.216114,S1HC26,HC
0.250079,0.421043,0.280729,0.482706,0.0672406,0.218395,0.43298,0.408922,0.0684611,0.245584,S1HC26,HC
0.0,0.621294,0.0,0.941991,0.348099,0.218395,0.357425,0.583869,0.136922,0.0,S1HC26,HC
0.0,0.621294,0.0,0.941991,0.348099,0.218395,0.173192,0.583869,0.524003,0.0,S1HC26,HC
0.294093,0.485945,0.208862,0.369896,0.103447,0.22063,0.370631,0.392025,0.186406,0.190573,S1HC26,HC
0.110035,0.583297,0.101062,0.683386,0.224997,0.223981,0.277107,0.502986,0.294863,0.108057,S1HC26,HC
0.500159,0.421043,0.280729,0.0,0.0,0.218395,0.0,0.95794,0.136922,0.0,S1HC26,HC
0.110035,0.583297,0.0,0.941991,0.363177,0.223981,0.173192,0.502986,0.524003,0.0,S1HC26,HC
0.180857,0.546574,0.118131,0.587453,0.204928,0.219959,0.235671,0.604138,0.255823,0.0597261,S1HC26,HC
0.294093,0.485945,0.208862,0.369896,0.103447,0.0164065,0.277107,0.502986,0.186406,0.190573,S1HC26,HC
0.500159,0.421043,0.280729,0.0,0.0,0.218395,0.0,0.95794,0.136922,0.0,S1HC26,HC
0.250079,0.521168,0.140365,0.470996,0.174049,0.218395,0.178712,0.770905,0.136922,0.0,S1HC26,HC
0.267045,0.511605,0.149617,0.474067,0.16912,0.179427,0.172936,0.667791,0.248015,0.0500599,S1HC26,HC
0.294093,0.485945,0.208862,0.587453,0.103447,0.0164065,0.969177,0.502986,0.186406,0.190573,S1HC26,HC
0.305097,0.50217,0.140365,0.470996,0.181589,0.221188,0.0865959,0.730463,0.330463,0.0,S1HC26,HC
0.110035,0.583297,0.0,0.941991,0.363177,0.223981,0.173192,0.502986,0.524003,0.0,S1HC26,HC
0.110035,0.583297,0.0,0.941991,0.363177,0.218395,0.173192,0.502986,0.524003,0.0,S1HC26,HC
0.294093,0.583297,0.0,0.429472,0.103447,0.0164065,0.173192,0.502986,0.186406,0.0,S1HC26,HC
0.0,0.0893768,0.0,0.0,0.0,0.61186,0.0,0.914324,0.479276,0.0,S1HC15,HC
0.0806702,0.227853,0.0,0.0,0.0,0.0,0.0,0.591429,0.0,0.0,S1HC15,HC
0.0,0.0,0.0,0.0,0.0,0.0,0.0,0.255243,0.316407,0.0,S1HC15,HC
0.0,0.0,0.716781,0.0,0.798259,0.0,0.0,0.913411,0.0,0.0,S1HC15,HC
0.0403351,0.113927,0.0,0.0,0.0,0.0,0.0,0.423336,0.158203,0.0,S1HC15,HC
0.0806702,0.227853,0.0,0.0,0.0,0.0,0.650348,0.591429,0.0,0.0,S1HC15,HC
0.0,0.0,0.0,0.0,0.0,0.0,0.0,0.255243,0.316407,0.0,S1HC15,HC
0.0,0.0,0.716781,0.0,0.798259,0.0,0.0,0.255243,0.316407,0.0,S1HC15,HC
0.0201676,0.0793075,0.179195,0.0,0.199565,0.152965,0.0,0.668602,0.198921,0.0,S1HC15,HC
0.0403351,0.0793075,0.409815,0.0,0.199565,0.152965,0.75252,0.423336,0.198921,0.0,S1HC15,HC
0.0201676,0.0793075,0.179195,0.0,0.199565,0.152965,0.0,0.668602,0.198921,0.0,S1HC15,HC
0.0201676,0.227853,0.0,0.0,0.0,0.0,0.650348,0.591429,0.198921,0.0,S1HC15,HC
0.0282346,0.0842175,0.179195,0.0,0.199565,0.030593,0.13007,0.43877,0.197988,0.0,S1HC15,HC
0.0403351,0.113927,0.0,0.0,0.504796,0.0,0.0,0.423336,0.158203,0.0,S1HC15,HC
0.0,0.0,0.0,0.0,0.0,0.0,0.0,0.255243,0.316407,0.0,S1HC15,HC
0.0201676,0.227853,0.0,0.0,0.0,0.0,0.650348,0.591429,0.198921,0.0,S1HC15,HC
0.0201676,0.94173,0.179195,0.0,0.199565,0.030593,0.13007,0.668602,0.237073,0.0,S1HC15,HC
0.0248733,0.0974355,0.128034,0.0,0.183915,0.0560872,0.25549,0.466786,0.21156,0.0,S1HC15,HC
0.0,0.227853,0.0,0.0,0.0,0.0,0.581343,0.591429,0.316407,0.0,S1HC15,HC
0.0248733,0.0974355,0.128034,0.0,0.183915,0.030593,0.25549,0.668602,0.21156,0.0,S1HC15,HC
0.0163021,0.373718,0.0768073,0.0,0.09587,0.02167,0.404313,0.579561,0.24099,0.0,S1HC15,HC
0.0248733,0.0974355,0.128034,0.0,0.183915,0.784103,0.25549,0.466786,0.316407,0.749107,S1HC15,HC
0.0201676,0.94173,0.179195,0.0,0.199565,0.030593,0.13007,0.668602,0.237073,0.0,S1HC15,HC
0.0201676,0.584792,0.0895976,0.0,0.0997824,0.0152965,0.390209,0.630015,0.217997,0.0,S1HC15,HC
0.0201676,0.94173,0.179195,0.0,0.0997824,0.408082,0.13007,0.630015,0.217997,0.0,S1HC15,HC
0.0201676,0.94173,0.179195,0.0,0.199565,0.030593,0.13007,0.668602,0.237073,0.0,S1HC15,HC
0.0248733,0.614965,0.128034,0.0,0.09587,0.343894,0.404313,0.579561,0.316407,0.749107,S1HC15,HC
0.0212768,0.419022,0.120334,0.0,0.152609,0.176451,0.287114,0.602713,0.244805,0.149821,S1HC15,HC
0.0207222,0.680376,0.149764,0.0,0.126196,0.292267,0.208592,0.616364,0.231401,0.0749107,S1HC15,HC
0.0201676,0.94173,0.179195,0.0,0.0997824,0.408082,0.13007,0.668602,0.217997,0.0,S1HC15,HC
0.0216213,0.729362,0.15169,0.0,0.136957,0.239755,0.237892,0.620223,0.254071,0.224732,S1HC15,HC
0.0201676,0.94173,0.179195,0.0,0.0997824,0.408082,0.13007,0.630015,0.217997,0.0,S1HC15,HC
0.0206696,0.8233,0.164961,0.0,0.115679,0.337046,0.176656,0.633801,0.230366,0.0749107,S1HC15,HC
0.0201676,0.94173,0.179195,0.0,0.0997824,0.408082,0.13007,0.649308,0.217997,0.0,S1HC15,HC
0.0201676,0.94173,0.179195,0.0,0.0997824,0.408082,0.13007,0.630015,0.217997,0.0,S1HC15,HC
0.0201676,0.94173,0.149764,0.0,0.0997824,0.408082,0.13007,0.668602,0.217997,0.770364,S1HC15,HC
0.0201676,0.94173,0.149764,0.0,0.126196,0.292267,0.13007,0.616364,0.231401,0.0,S1HC15,HC
0.0169248,0.0,0.53023,0.0,0.0,0.0,0.0,0.0,0.0,0.909218,S1PT25,PT
0.0,0.0,0.0,0.702732,0.0,0.0,0.0,0.0,0.0,0.0,S1PT25,PT
0.0,0.0,0.613862,0.0,0.0,0.0,0.0,0.0,0.0,0.0,S1PT25,PT
0.0,0.638798,0.0,0.0467175,0.0,0.0,0.0,0.0,0.532893,0.0,S1PT25,PT
0.0,0.0,0.0,0.0,0.0,0.0,0.906726,0.0,0.0,0.0,S1PT25,PT
0.0,0.0,0.0,0.0,0.0,0.284188,0.0,0.0,0.0,0.672916,S1PT25,PT
0.0,0.0,0.613862,0.0,0.0,0.0,0.0,0.0,0.0,0.0,S1PT25,PT
0.0,0.0,0.613862,0.0,0.0,0.0,0.0,0.0,0.0,0.0,S1PT25,PT
0.0,0.0,0.0,0.0,0.0,0.284188,0.0,0.0,0.0,0.672916,S1PT25,PT
0.0,0.0,0.613862,0.0,0.0,0.342703,0.0,0.0,0.0,0.672916,S1PT25,PT
0.0,0.0,0.613862,0.0,0.0,0.284188,0.0,0.0,0.0,0.0,S1PT25,PT
0.0,0.0,0.0,0.0,0.0,0.284188,0.0,0.0,0.208725,0.672916,S1PT25,PT
0.0,0.0,0.613862,0.0,0.0,0.342703,0.0,0.0,0.316826,0.672916,S1PT25,PT
0.0,0.0,0.613862,0.0,0.0,0.284188,0.0,0.0,0.55704,0.672916,S1PT25,PT
0.0,0.0,0.0,0.0,0.0,0.284188,0.0,0.0,0.0,0.672916,S1PT25,PT
0.0,0.0,0.590455,0.21017,0.0,0.0,0.0,0.0,0.0,0.672916,S1PT25,PT
0.0,0.0,0.613862,0.0,0.0,0.284188,0.0,0.0,0.55704,0.672916,S1PT25,PT
0.0,0.0,0.363636,0.042034,0.0,0.239053,0.0,0.0,0.216518,0.672916,S1PT25,PT
0.0,0.0,0.306931,0.0,0.0,0.284188,0.0,0.0,0.27852,0.672916,S1PT25,PT
0.0,0.0,0.0,0.0,0.0,0.342703,0.0,0.0,0.316826,0.672916,S1PT25,PT
0.0,0.0,0.613862,0.725011,0.0,0.342703,0.0,0.0,0.316826,0.672916,S1PT25,PT
0.0,0.0,0.613862,0.0,0.0,0.342703,0.0,0.0,0.0,0.672916,S1PT25,PT
0.0,0.0,0.613862,0.767584,0.0,0.239053,0.0,0.0,0.216518,0.672916,S1PT25,PT
0.0,0.0,0.613862,0.362506,0.0,0.342703,0.0,0.0,0.158413,0.672916,S1PT25,PT
0.0,0.0,0.613862,0.0,0.0,0.342703,0.0,0.0,0.0,0.672916,S1PT25,PT
0.69328,0.0,0.306931,0.725011,0.0,0.284188,0.0,0.0,0.27852,0.672916,S1PT25,PT
0.0,0.0,0.418692,0.127841,0.0,0.305923,0.0,0.0,0.280955,0.672916,S1PT25,PT
0.0,0.0,0.0,0.0,0.0,0.342703,0.0,0.0,0.55704,0.672916,S1PT25,PT
0.0,0.0,0.613862,0.725011,0.0,0.342703,0.0,0.0,0.0,0.672916,S1PT25,PT
0.115547,0.0,0.427868,0.33049,0.0,0.309545,0.0,0.0,0.248574,0.672916,S1PT25,PT
0.69328,0.0,0.306931,0.725011,0.0,0.284188,0.0,0.0,0.27852,0.672916,S1PT25,PT
0.34664,0.0,0.362811,0.426426,0.0,0.295056,0.0,0.0,0.279737,0.672916,S1PT25,PT
0.69328,0.0,0.306931,0.725011,0.0,0.342703,0.0,0.0,0.27852,0.672916,S1PT25,PT
0.0,0.0,0.723836,0.0,0.0,0.0,0.0,0.0,0.110249,0.0,S1PT25,PT
0.308125,0.0,0.45704,0.488658,0.0,0.262366,0.0,0.0,0.199267,0.560763,S1PT25,PT
0.0,0.0,0.613862,0.0,0.0,0.0,0.0,0.0,0.0,0.0660071,S1PT25,PT
0.69328,0.0,0.306931,0.725011,0.0,0.342703,0.0,0.0,0.27852,0.672916,S1PT25,PT
0.69328,0.0,0.306931,0.725011,0.0,0.313445,0.0,0.0,0.27852,0.672916,S1PT25,PT
0.69328,0.0,0.427868,0.211422,0.0,0.309545,0.0,0.0,0.27852,0.672916,S1PT25,PT
0.0,0.0,0.994826,0.0,0.511065,0.0,0.0,0.0,0.0,0.0,S1HC27,HC
0.0,0.0,0.0,0.679927,0.0,0.0,0.0,0.0,0.0,0.0,S1HC27,HC
0.0,0.0,0.0,0.679927,0.0,0.0,0.0,0.0,0.0,0.0,S1HC27,HC
0.0,0.0,0.497413,0.339963,0.255533,0.0,0.0,0.0,0.0,0.0,S1HC27,HC
0.0,0.0,0.994826,0.679927,0.0,0.771594,0.0,0.0,0.0,0.0,S1HC27,HC
0.0,0.0898637,0.994826,0.0,0.511065,0.0,0.0,0.0,0.0,0.0,S1HC27,HC
0.0,0.0,0.994826,0.679927,0.0,0.771594,0.0,0.0,0.0,0.0,S1HC27,HC
0.0,0.0224659,0.621766,0.424954,0.191649,0.192899,0.0,0.0,0.0,0.0,S1HC27,HC
0.0,0.0,0.497413,0.679927,0.0,0.421864,0.0,0.0,0.0,0.0,S1HC27,HC
0.0,0.867558,0.0,0.679927,0.0,0.0,0.0,0.0,0.0,0.0,S1HC27,HC
0.0,0.867558,0.0,0.679927,0.0365311,0.0,0.0,0.0,0.0,0.0,S1HC27,HC
0.0,0.867558,0.0,0.679927,0.0,0.0,0.0,0.0,0.0,0.0,S1HC27,HC
0.0,0.222506,0.528501,0.616183,0.0479124,0.346589,0.0,0.0,0.0,0.0,S1HC27,HC
0.0,0.652541,0.176167,0.658679,0.0281478,0.11553,0.0,0.0,0.0,0.0,S1HC27,HC
0.0,0.867558,0.0,0.679927,0.0365311,0.0,0.0,0.0,0.0,0.0,S1HC27,HC
0.0,0.867558,0.0,0.679927,0.0,0.0,0.0,0.0,0.0,0.0,S1HC27,HC
0.0,0.867558,0.0,0.679927,0.0182656,0.0,0.0,0.0,0.0,0.0,S1HC27,HC
0.0,0.867558,0.0,0.679927,0.0,0.0,0.0,0.0,0.0,0.0,S1HC27,HC
0.0,0.867558,0.0,0.679927,0.0365311,0.0,0.0,0.0,0.0,0.0,S1HC27,HC
0.0,0.867558,0.0,0.679927,0.00913278,0.0,0.0,0.0,0.0,0.0,S1HC27,HC
0.0,0.867558,0.0,0.679927,0.0182656,0.0,0.0,0.0,0.0,0.0,S1HC27,HC
0.0,0.831722,0.0293612,0.676385,0.0199126,0.019255,0.0,0.0,0.0,0.0,S1HC27,HC
0.80553,0.867558,0.0,0.679927,0.0182656,0.0,0.0,0.0,0.0,0.0,S1HC27,HC
0.402765,0.84964,0.0146806,0.678156,0.0190891,0.00962748,0.0,0.0,0.0,0.0,S1HC27,HC
0.80553,0.867558,0.0,0.679927,0.0182656,0.0,0.0,0.0,0.0,0.0,S1HC27,HC
0.0,0.867558,0.0293612,0.679927,0.00913278,0.0,0.0,0.0,0.0,0.0,S1HC27,HC
0.0,0.831722,0.0,0.679927,0.0182656,0.904686,0.0,0.0,0.0,0.0,S1HC27,HC
0.201383,0.858599,0.00734029,0.679041,0.0163941,0.00481374,0.0,0.0,0.0,0.0,S1HC27,HC
0.80553,0.867558,0.0,0.679927,0.0182656,0.0,0.0,0.0,0.0,0.0,S1HC27,HC
0.80553,0.867558,0.0,0.679927,0.0182656,0.0,0.0,0.0,0.0,0.0,S1HC27,HC
0.201383,0.949947,0.00734029,0.679041,0.0163941,0.00481374,0.0,0.0,0.0,0.0,S1HC27,HC
0.0,0.0,0.0,0.0,0.0,0.0,0.857575,0.0,0.0,0.0,S1HC27,HC
0.503456,0.863079,0.00367015,0.679484,0.0173298,0.00240687,0.0,0.0,0.0,0.0,S1HC27,HC
0.281936,0.855016,0.0102764,0.679395,0.0162294,0.183825,0.0,0.0,0.0,0.0,S1HC27,HC
0.604544,0.858599,0.00734029,0.679041,0.00913278,0.00481374,0.0,0.684753,0.0,0.0,S1HC27,HC
0.0,0.882343,0.0,0.0,0.0,0.0,0.894593,0.0,0.0,0.0,S1PT03,PT
0.959086,0.0,0.0,0.0,0.0,0.0,0.0,0.0,0.330464,0.0,S1PT03,PT
0.959086,0.0,0.0,0.0,0.0,0.0,0.0,0.0,0.330464,0.0,S1PT03,PT
0.0,0.778196,0.157062,0.324051,0.0,0.0,0.0,0.0,0.0,0.0,S1PT03,PT
0.959086,0.882343,0.0,0.0,0.0,0.0203972,0.831409,0.0,0.0,0.0,S1PT03,PT
0.959086,0.0,0.0,0.0,0.0,0.0,0.0,0.0,0.137606,0.0,S1PT03,PT
0.959086,0.882343,0.0,0.0,0.0,0.0,0.0,0.0,0.0,0.0,S1PT03,PT
0.0,0.0,0.0,0.0,0.0,0.0,0.303464,0.0,0.550418,0.0,S1PT03,PT
0.0,0.882343,0.0,0.308009,0.0,0.0,0.0,0.0,0.0,0.0,S1PT03,PT
0.959086,0.0,0.0,0.0,0.0,0.0823337,0.0,0.0,0.330464,0.0,S1PT03,PT
0.63939,0.423814,0.026177,0.0540086,0.0,0.00339953,0.189146,0.0,0.169748,0.0,S1PT03,PT
0.959086,0.882343,0.0,0.0,0.0,0.0,0.0,0.0,0.0,0.0,S1PT03,PT
0.783978,0.0,0.0,0.0,0.0,0.0,0.0,0.0,0.483957,0.0,S1PT03,PT
0.959086,0.882343,0.0,0.0,0.0,0.0,0.0,0.0,0.0,0.0,S1PT03,PT
0.716771,0.511807,0.00436283,0.0603362,0.0,0.0142889,0.0315243,0.0,0.164028,0.0,S1PT03,PT
0.959086,0.0,0.0,0.0,0.0,0.0823337,0.0,0.0,0.330464,0.0,S1PT03,PT
0.314066,0.0,0.0,0.0,0.0,0.0,0.0,0.0,0.0,0.0,S1PT03,PT
0.959086,0.359375,0.0,0.0,0.0,0.0823337,0.68107,0.0,0.330464,0.0,S1PT03,PT
0.959086,0.0,0.0,0.0,0.0,0.0823337,0.0,0.0,0.330464,0.0,S1PT03,PT
0.959086,0.0,0.0,0.0,0.0,0.0823337,0.0,0.0,0.330464,0.0,S1PT03,PT
0.844536,0.359375,0.0,0.0,0.0,0.0823337,0.68107,0.0,0.330464,0.0,S1PT03,PT
0.737252,0.217795,0.00109071,0.0150841,0.0,0.044739,0.178148,0.0,0.206239,0.0,S1PT03,PT
0.959086,0.359375,0.0,0.0,0.0,0.0823337,0.0940826,0.0,0.330464,0.0,S1PT03,PT
0.636576,0.0,0.0,0.0,0.0,0.0411668,0.0,0.0,0.165232,0.0,S1PT03,PT
0.959086,0.0,0.0,0.0,0.0,0.0823337,0.0,0.0,0.330464,0.0,S1PT03,PT
0.959086,0.0,0.0,0.0,0.0,0.0823337,0.0,0.0,0.330464,0.0,S1PT03,PT
0.84927,0.156091,0.000181785,0.00251401,0.0,0.0692068,0.158883,0.0,0.282221,0.0,S1PT03,PT
0.959086,0.0,0.0,0.0,0.0,0.0823337,0.0,0.0,0.330464,0.0,S1PT03,PT
0.959086,0.0,0.0,0.797029,0.0,0.0823337,0.0,0.0,0.330464,0.0,S1PT03,PT
0.959086,0.0,0.0,0.0,0.0,0.0823337,0.0,0.0,0.330464,0.0,S1PT03,PT
0.959086,0.0,0.0,0.0,0.0,0.0823337,0.0,0.210728,0.330464,0.0,S1PT03,PT
0.692687,0.0,0.0,0.797029,0.0,0.0823337,0.0,0.0,0.330464,0.0,S1PT03,PT
0.937122,0.0312182,3.63569e-05,0.159909,0.0,0.0797083,0.0317767,0.0,0.320815,0.0,S1PT03,PT
0.959086,0.0,0.0,0.0,0.0,0.0823337,0.0,0.0,0.330464,0.0,S1PT03,PT
0.959086,0.0,0.0,0.0,0.0,0.0823337,0.0,0.0,0.330464,0.0,S1PT03,PT
0.911025,0.00520303,6.05949e-06,0.15949,0.0,0.0818961,0.00529612,0.0351214,0.328856,0.0,S1PT03,PT
0.959086,0.0,0.0,0.0,0.0,0.0823337,0.0,0.0,0.330464,0.0,S1PT03,PT
0.959086,0.0,0.0,0.0,0.0,0.0823337,0.0,0.210728,0.330464,0.0,S1PT03,PT
0.959086,0.0,0.0,0.0,0.0,0.0823337,0.0,0.0,0.330464,0.0,S1PT03,PT
0.937122,0.0312182,3.63569e-05,0.159909,0.0,0.0797083,0.0317767,0.449365,0.320815,0.0,S1PT03,PT
0.959086,0.0,0.0,0.0,0.0,0.0823337,0.0,0.105364,0.330464,0.0,S1PT03,PT
0.346382,0.0,0.0,0.0,0.0804381,0.330734,0.0,0.0,0.0,0.918394,S1PT04,PT
0.0,0.0,0.123716,0.391914,0.0,0.0,0.0,0.0,0.0,0.0,S1PT04,PT
0.0134467,0.0,0.770913,0.0,0.0,0.0,0.00879953,0.0,0.0,0.161275,S1PT04,PT
0.346382,0.0,0.0,0.0,0.0804381,0.330734,0.0,0.0,0.0,0.918394,S1PT04,PT
0.0,0.0,0.0,0.0,0.0,0.0,0.0,0.0,0.0,0.0,S1PT04,PT
0.179914,0.0,0.385456,0.0,0.040219,0.165367,0.00439976,0.0,0.0,0.539835,S1PT04,PT
0.179914,0.0,0.0,0.0,0.0804381,0.165367,0.00439976,0.0,0.0,0.918394,S1PT04,PT
0.179914,0.0,0.385456,0.0,0.040219,0.165367,0.00439976,0.0,0.0,0.539835,S1PT04,PT
0.175432,0.0,0.128485,0.0,0.040219,0.165367,0.00146659,0.0,0.0,0.486076,S1PT04,PT
0.179914,0.0,0.0,0.0,0.605491,0.165367,0.00439976,0.0,0.0,0.918394,S1PT04,PT
0.17842,0.0,0.171314,0.0,0.0536254,0.165367,0.00342204,0.0,0.0,0.648102,S1PT04,PT
0.175432,0.0,0.128485,0.0,0.040219,0.165367,0.00146659,0.0,0.0,0.486076,S1PT04,PT
0.175432,0.0,0.128485,0.0,0.040219,0.22458,0.00439976,0.0,0.0,0.486076,S1PT04,PT
0.1773,0.0,0.107071,0.0,0.184889,0.18017,0.00342204,0.0,0.0,0.634662,S1PT04,PT
0.175432,0.0,0.128485,0.0,0.040219,0.165367,0.00342204,0.0,0.0,0.486076,S1PT04,PT
0.175432,0.0,0.128485,0.0,0.040219,0.165367,0.00342204,0.0,0.0,0.486076,S1PT04,PT
0.175432,0.432862,0.128485,0.0,0.040219,0.165367,0.00342204,0.0,0.0,0.634662,S1PT04,PT
0.175432,0.432862,0.128485,0.0,0.040219,0.165367,0.00342204,0.0,0.0,0.634662,S1PT04,PT
0.0,0.645236,0.422564,0.0,0.0,0.0,0.0,0.0,0.0,0.0,S1PT04,PT
0.087716,0.539049,0.275525,0.0,0.0201095,0.0826836,0.00171102,0.0,0.0,0.317331,S1PT04,PT
0.0,0.432862,0.422564,0.0,0.040219,0.0,0.0,0.0,0.0,0.634662,S1PT04,PT
0.175432,0.432862,0.128485,0.0,0.040219,0.165367,0.00342204,0.0,0.0,0.634662,S1PT04,PT
0.0,0.803009,0.0,0.463876,0.0,0.0,0.0,0.0,0.0,0.0,S1PT22,PT
0.0,0.0,0.352191,0.0,0.204651,0.0,0.0,0.600979,0.0,0.0,S1PT22,PT
0.0,0.0,0.0,0.167197,0.0,0.0,0.0,0.0,0.0,0.0,S1PT22,PT
0.0,0.803009,0.142793,0.940899,0.204651,0.0,0.0,0.0,0.0,0.0,S1PT22,PT
0.0,0.803009,0.0,0.940899,0.204651,0.0,0.0,0.0,0.0,0.729585,S1PT22,PT
0.0,0.0,0.0,0.940899,0.835054,0.0,0.0,0.0,0.0,0.0,S1PT22,PT
0.0,0.0,0.0,0.940899,0.835054,0.0,0.0,0.0,0.0,0.0,S1PT22,PT
0.678894,0.0,0.0,0.940899,0.835054,0.0,0.0,0.0,0.0,0.0,S1PT22,PT
0.0,0.0,0.0,0.995315,0.835054,0.0,0.0,0.0,0.0,0.729585,S1PT22,PT
0.226298,0.0,0.0,0.959038,0.835054,0.0,0.0,0.0,0.0,0.243195,S1PT22,PT
0.339447,0.0,0.0,0.940899,0.835054,0.0,0.0,0.0,0.0,0.0,S1PT22,PT
0.678894,0.0,0.0,0.940899,0.835054,0.0,0.0,0.0,0.0,0.0,S1PT22,PT
0.678894,0.0,0.0,0.940899,0.835054,0.0,0.0,0.0,0.0,0.0,S1PT22,PT
0.678894,0.0,0.0,0.940899,0.835054,0.0,0.0,0.0,0.0,0.0,S1PT22,PT
0.452596,0.0,0.0,0.949968,0.835054,0.0,0.0,0.0,0.0,0.121597,S1PT22,PT
0.678894,0.538975,0.0,0.949968,0.835054,0.0,0.0,0.0,0.0,0.121597,S1PT22,PT
0.452596,0.0,0.0,0.949968,0.835054,0.0,0.0,0.0,0.0,0.0,S1PT22,PT
0.678894,0.0,0.0,0.940899,0.835054,0.0,0.0,0.0,0.0,0.0,S1PT22,PT
0.452596,0.538975,0.0,0.949968,0.835054,0.0,0.0,0.0,0.0,0.0,S1PT22,PT
0.452596,0.0,0.0,0.949968,0.835054,0.0,0.0,0.0,0.0,0.0,S1PT22,PT
0.565745,0.0,0.0,0.945434,0.835054,0.0,0.0,0.0,0.0,0.0,S1PT22,PT
0.0,0.0,0.0,0.0,0.0,0.0,0.0,0.712683,0.0,0.516464,S1PT19,PT
0.0,0.66258,0.0,0.327642,0.16778,0.64338,0.0,0.583621,0.0,0.0,S1PT19,PT
0.0,0.0,0.0,0.0,0.0,0.0,0.0,0.996635,0.0,0.516464,S1PT19,PT
0.0,0.66258,0.311355,0.0,0.0,0.64338,0.0,0.583621,0.0,0.0,S1PT19,PT
0.0,0.0,0.0,0.0,0.0,0.0,0.0,0.0,0.0,0.0,S1PT19,PT
0.0,0.0,0.0,0.475588,0.0,0.64338,0.0,0.996635,0.0,0.516464,S1PT19,PT
0.0,0.66258,0.0,0.0,0.0,0.64338,0.0,0.583621,0.0,0.516464,S1PT19,PT
0.0,0.0,0.0,0.0,0.0,0.0,0.9165,0.0,0.0,0.0,S1PT19,PT
0.0,0.66258,0.0,0.0,0.0,0.64338,0.0,0.583621,0.0,0.516464,S1PT19,PT
0.0,0.83498,0.0,0.0,0.0,0.0,0.0,0.0,0.0,0.0,S1PT19,PT
0.0,0.499187,0.0,0.0,0.0,0.21446,0.3055,0.19454,0.0,0.172155,S1PT19,PT
0.0,0.187272,0.0,0.0,0.0,0.0,0.0,0.0,0.0,0.0,S1PT19,PT
0.0,0.41749,0.0,0.0,0.0,0.0,0.45825,0.0,0.0,0.0,S1PT19,PT
0.0,0.0,0.0,0.182916,0.0,0.0,0.151894,0.506245,0.0,0.0,S1PT19,PT
0.0,0.0,0.0,0.182916,0.0,0.0,0.151894,0.506245,0.0,0.0,S1PT19,PT
0.0,0.0,0.0,0.110765,0.0,0.0,0.73138,0.0,0.0,0.0,S1PT19,PT
0.0,0.0,0.0,0.146841,0.0,0.0,0.441637,0.253123,0.0,0.0,S1PT19,PT
0.0,0.0,0.0,0.537365,0.0,0.869129,0.662558,0.595084,0.0,0.0,S1HC07,HC
0.0,0.0,0.0,0.668822,0.0,0.0,0.0,0.0,0.0,0.0,S1HC07,HC
0.0,0.937758,0.0,0.668822,0.0,0.869129,0.662558,0.0,0.0,0.0,S1HC07,HC
0.0,0.0,0.0,0.537365,0.0,0.605214,0.662558,0.595084,0.0,0.0,S1HC07,HC
0.218688,0.0,0.0,0.0,0.0,0.0,0.0,0.376505,0.0,0.0,S1HC07,HC
0.0,0.0,0.0,0.668822,0.0,0.0,0.662558,0.0,0.0,0.290159,S1HC07,HC
0.0,0.0,0.0,0.668822,0.0,0.0,0.0,0.0,0.0,0.0,S1HC07,HC
0.0,0.0,0.0,0.603093,0.0,0.434564,0.331279,0.297542,0.0,0.0,S1HC07,HC
0.0,0.0,0.810162,0.0,0.0,0.994373,0.0,0.0,0.0,0.0,S1HC07,HC
0.0,0.0,0.0,0.668822,0.0,0.0,0.0,0.0,0.0,0.0,S1HC07,HC
0.218688,0.0,0.0,0.537365,0.0,0.0,0.0,0.376505,0.0,0.0,S1HC07,HC
0.036448,0.156293,0.0,0.524487,0.0,0.318151,0.386492,0.211522,0.0,0.0483598,S1HC07,HC
0.0,0.0,0.0,0.668822,0.0,0.0,0.662558,0.0,0.761183,0.290159,S1HC07,HC
0.218688,0.0,0.0,0.0,0.0,0.0,0.0,0.376505,0.0,0.389156,S1HC07,HC
0.0,0.0,0.0,0.668822,0.0,0.0,0.0,0.0,0.0,0.0,S1HC07,HC
0.0789707,0.0260488,0.135027,0.399916,0.0,0.218754,0.174842,0.160755,0.126864,0.121279,S1HC07,HC
0.0,0.156293,0.0,0.524487,0.0,0.0,0.620522,0.211522,0.0,0.0483598,S1HC07,HC
0.036448,0.156293,0.0,0.524487,0.0,0.318151,0.662558,0.211522,0.0,0.290159,S1HC07,HC
0.036448,0.156293,0.0,0.488739,0.0,0.318151,0.940504,0.211522,0.0,0.0483598,S1HC07,HC
0.218688,0.0,0.0,0.537365,0.0,0.0,0.0,0.376505,0.0,0.389156,S1HC07,HC
0.0,0.570368,0.0,0.135295,0.222572,0.0,0.629792,0.0,0.0,0.0,S1HC07,HC
0.036448,0.156293,0.0,0.524487,0.0,0.318151,0.662558,0.211522,0.0,0.290159,S1HC07,HC
0.0789707,0.156293,0.0,0.399916,0.0,0.318151,0.940504,0.160755,0.126864,0.121279,S1HC07,HC
0.0617592,0.0824879,0.0225045,0.523969,0.0,0.142509,0.399738,0.195304,0.021144,0.149552,S1HC07,HC
0.0,0.852579,0.0,0.0,0.137505,0.0,0.0,0.0,0.0,0.0,S1HC07,HC
0.0577094,0.0911709,0.0675135,0.462202,0.0,0.268453,0.4187,0.186139,0.0634319,0.205719,S1HC07,HC
0.0308796,0.467534,0.0112522,0.261985,0.0687523,0.0712547,0.199869,0.0976522,0.010572,0.0747761,S1HC07,HC
0.0391479,0.318199,0.015003,0.340978,0.0600127,0.174544,0.508549,0.12562,0.03524,0.127785,S1HC07,HC
0.0,0.852579,0.0,0.0,0.137505,0.0,0.0,0.0,0.0,0.0,S1HC07,HC
0.0617592,0.0824879,0.0,0.523969,0.0,0.142509,0.399738,0.195304,0.0,0.149552,S1HC07,HC
0.036448,0.156293,0.0,0.524487,0.0,0.318151,0.629792,0.510296,0.0,0.606595,S1HC07,HC
0.0,0.852579,0.0,0.0,0.137505,0.0,0.0,0.0,0.0,0.606595,S1HC07,HC
0.0308796,0.467534,0.955769,0.261985,0.0687523,0.0712547,0.199869,0.0976522,0.010572,0.0747761,S1HC07,HC
0.0,0.650419,0.0943522,0.0,0.0,0.0,0.0,0.164219,0.0,0.0,S1HC07,HC
0.0336469,0.375418,0.00525105,0.330284,0.0532539,0.141292,0.347589,0.185775,0.00916239,0.191742,S1HC07,HC
0.0308796,0.467534,0.0,0.261985,0.0,0.0712547,0.199869,0.0976522,0.852866,0.0747761,S1HC07,HC
0.036448,0.156293,0.0,0.524487,0.0,0.318151,0.629792,0.510296,0.0,0.606595,S1HC07,HC
0.0491036,0.11939,0.0,0.524228,0.0,0.23033,0.514765,0.3528,0.0,0.378074,S1HC07,HC
0.036448,0.156293,0.0,0.524487,0.137505,0.318151,0.629792,0.0,0.0,0.606595,S1HC07,HC
0.0308796,0.467534,0.0,0.261985,0.0,0.0712547,0.199869,0.510296,0.852866,0.0747761,S1HC07,HC
0.036448,0.156293,0.0,0.524487,0.0,0.318151,0.629792,0.510296,0.0,0.606595,S1HC07,HC
0.0258511,0.44131,0.150767,0.271853,0.037073,0.118898,0.270269,0.201199,0.124657,0.27608,S1HC07,HC
0.0491036,0.11939,0.00525105,0.524228,0.0,0.23033,0.514765,0.797795,0.00916239,0.378074,S1HC07,HC
0.0350475,0.265856,0.00262552,0.427386,0.026627,0.229722,0.488691,0.348035,0.0045812,0.399168,S1HC07,HC
0.0,0.0,0.0,0.0,0.0,0.0,0.572343,0.548695,0.0,0.0,S1HC24,HC
0.0,0.0,0.558287,0.0,0.0,0.695942,0.0,0.0,0.0,0.0,S1HC24,HC
0.0,0.0,0.558287,0.0,0.0,0.695942,0.0,0.0,0.0,0.0,S1HC24,HC
0.0,0.0,0.558287,0.0,0.0,0.0,0.572343,0.548695,0.0,0.0,S1HC24,HC
0.0,0.0,0.514745,0.0,0.0,0.635243,0.0,0.0,0.0,0.0,S1HC24,HC
0.0,0.0,0.0,0.0,0.0,0.695942,0.0,0.548695,0.82773,0.0,S1HC24,HC
0.0,0.0,0.558287,0.0,0.0,0.695942,0.572343,0.548695,0.0,0.0,S1HC24,HC
0.0,0.494371,0.911958,0.0,0.0,0.0,0.0,0.0,0.0,0.0,S1HC24,HC
0.847844,0.0,0.0,0.0,0.0,0.0,0.0,0.0,0.0,0.0,S1HC24,HC
0.0,0.494371,0.911958,0.0,0.0,0.0,0.0,0.0,0.0,0.0,S1HC24,HC
0.847844,0.494371,0.911958,0.0,0.0,0.0,0.0,0.0,0.190618,0.0,S1HC24,HC
0.0,0.0,0.0,0.0,0.0,0.695942,0.572343,0.0,0.0,0.0,S1HC24,HC
0.0,0.0,0.911958,0.0,0.564977,0.695942,0.0,0.548695,0.0,0.0,S1HC24,HC
0.847844,0.494371,0.911958,0.0,0.0,0.0,0.0,0.0,0.190618,0.0,S1HC24,HC
0.847844,0.0,0.0,0.818594,0.0,0.695942,0.572343,0.0,0.190618,0.0,S1HC24,HC
0.211961,0.247185,0.683968,0.0,0.141244,0.347971,0.143086,0.137174,0.0476545,0.0,S1HC24,HC
0.0,0.494371,0.911958,0.0,0.822352,0.695942,0.0,0.548695,0.0,0.0,S1HC24,HC
0.476912,0.308982,0.626971,0.204648,0.240899,0.434964,0.178857,0.171467,0.107223,0.0,S1HC24,HC
0.529903,0.370778,0.797963,0.0,0.0706222,0.173985,0.0715429,0.0685868,0.119136,0.0,S1HC24,HC
0.847844,0.494371,0.911958,0.0,0.0,0.0,0.0,0.0,0.190618,0.0,S1HC24,HC
0.847844,0.0,0.63429,0.0,0.0,0.695942,0.572343,0.0,0.983114,0.0,S1HC24,HC
0.847844,0.494371,0.911958,0.0,0.0,0.0,0.572343,0.0,0.190618,0.0,S1HC24,HC
0.847844,0.308982,0.63429,0.204648,0.240899,0.434964,0.178857,0.0,0.983114,0.0,S1HC24,HC
0.847844,0.494371,0.911958,0.0,0.0,0.0,0.572343,0.0,0.983114,0.0,S1HC24,HC
0.662378,0.154491,0.630631,0.102324,0.12045,0.565453,0.3756,0.0857336,0.545168,0.0,S1HC24,HC
0.847844,0.0,0.63429,0.0,0.0,0.695942,0.572343,0.0,0.983114,0.0,S1HC24,HC
0.71007,0.3337,0.776628,0.0409297,0.0623043,0.260978,0.279017,0.0480108,0.318142,0.0,S1HC24,HC
0.847844,0.494371,0.911958,0.204648,0.240899,0.434964,0.0,0.171467,0.107223,0.0,S1HC24,HC
0.847844,0.0,0.148187,0.0,0.0,0.0,0.572343,0.0,0.983114,0.0,S1HC24,HC
0.847844,0.308982,0.63429,0.204648,0.240899,0.434964,0.572343,0.0,0.983114,0.0,S1HC24,HC
0.847844,0.247185,0.773124,0.0,0.0,0.347971,0.572343,0.0,0.983114,0.0,S1HC24,HC
0.847844,0.494371,0.911958,0.0,0.0,0.0,0.572343,0.0,0.983114,0.0,S1HC24,HC
0.793971,0.297652,0.749959,0.0920918,0.110759,0.398717,0.329694,0.0508686,0.653313,0.0,S1HC24,HC
0.71007,0.308982,0.776628,0.0409297,0.0623043,0.260978,0.279017,0.0480108,0.766704,0.0,S1HC24,HC
0.0,0.904397,0.0,0.0,0.0,0.0,0.0,0.0,0.810596,0.0,S1HC02,HC
0.0,0.0,0.0,0.70765,0.0,0.0,0.0,0.932533,0.0,0.0,S1HC02,HC
0.0,0.452199,0.0,0.353825,0.0,0.0,0.0,0.466267,0.405298,0.0,S1HC02,HC
0.0,0.904397,0.0,0.0,0.0,0.0,0.0,0.0,0.810596,0.704623,S1HC02,HC
0.0,0.0,0.0,0.0,0.0,0.0,0.0,0.0,0.810596,0.0,S1HC02,HC
0.0,0.236939,0.0,0.0,0.0,0.0,0.0,0.0,0.0132739,0.704623,S1HC02,HC
0.0,0.904397,0.0,0.0,0.0,0.0,0.0,0.0,0.810596,0.704623,S1HC02,HC
0.619286,0.452199,0.0,0.353825,0.0,0.0,0.0,0.0,0.810596,0.0,S1HC02,HC
0.0,0.0,0.966192,0.0,0.0,0.0,0.105673,0.0,0.296564,0.0,S1HC02,HC
0.0,0.0,0.0,0.0,0.0,0.0,0.0,0.0,0.0,0.49965,S1HC02,HC
0.0,0.0,0.0,0.0,0.0,0.0,0.105673,0.993183,0.296564,0.957354,S1HC02,HC
0.0,0.904397,0.0,0.0,0.0,0.0,0.0,0.0,0.810596,0.704623,S1HC02,HC
0.0,0.0,0.966192,0.0,0.0,0.0278507,0.105673,0.0,0.296564,0.704623,S1HC02,HC
0.0,0.904397,0.0,0.0,0.0,0.0,0.0,0.0,0.810596,0.610817,S1HC02,HC
0.0,0.452199,0.241548,0.0,0.0,0.00696267,0.0528366,0.248296,0.55358,0.744355,S1HC02,HC
0.0,0.904397,0.0,0.0,0.0,0.0,0.0,0.0,0.810596,0.610817,S1HC02,HC
0.0,0.904397,0.0,0.0,0.0,0.0,0.0,0.0,0.810596,0.957354,S1HC02,HC
0.0,0.452199,0.483096,0.0,0.0,0.0139253,0.0528366,0.0,0.55358,0.65772,S1HC02,HC
0.0,0.0,0.0,0.0,0.0,0.0,0.596795,0.0,0.0,0.349859,S1HC02,HC
0.0,0.904397,0.0,0.0,0.0,0.0,0.801883,0.0,0.810596,0.704623,S1HC02,HC
0.0,0.0,0.0,0.0,0.0,0.0,0.105673,0.993183,0.296564,0.957354,S1HC02,HC
0.0,0.678298,0.120774,0.0,0.0,0.00348134,0.42736,0.124148,0.682088,0.724489,S1HC02,HC
0.0,0.904397,0.0,0.0,0.0,0.0,0.801883,0.0,0.810596,0.704623,S1HC02,HC
0.0,0.452199,0.241548,0.0,0.0,0.00696267,0.105673,0.248296,0.55358,0.744355,S1HC02,HC
0.0,0.904397,0.241548,0.0,0.0,0.85498,0.0,0.0,0.810596,0.957354,S1HC02,HC
0.0,0.0,0.0,0.0,0.0,0.502001,0.0,0.0,0.0,0.734344,S1HC02,HC
0.0,0.516799,0.103521,0.0,0.0,0.002984,0.230004,0.177354,0.54793,0.711726,S1HC02,HC
0.0,0.576015,0.117898,0.0,0.0,0.228401,0.26082,0.091633,0.567465,0.762815,S1HC02,HC
0.0,0.904397,0.0,0.0,0.0,0.00696267,0.801883,0.0,0.810596,0.744355,S1HC02,HC
0.0,0.452199,0.241548,0.0,0.0,0.00696267,0.105673,0.0,0.55358,0.734344,S1HC02,HC
0.0,0.710598,0.0517603,0.0,0.0,0.001492,0.515943,0.0886771,0.679263,0.708175,S1HC02,HC
0.0,0.904397,0.0,0.0,0.0,0.0,0.801883,0.0,0.810596,0.704623,S1HC02,HC
0.0,0.904397,0.0,0.0,0.0261304,0.0,0.801883,0.0,0.810596,0.704623,S1HC02,HC
0.0,0.709521,0.0822413,0.0,0.0,0.0487638,0.49724,0.036062,0.6843,0.730862,S1HC02,HC
0.0,0.904397,0.0,0.0,0.0,0.00348134,0.801883,0.0,0.810596,0.724489,S1HC02,HC
0.0,0.904397,0.0,0.0,0.0,0.0,0.801883,0.0,0.810596,0.704623,S1HC02,HC
0.0,0.904397,0.0,0.0,0.0,0.00696267,0.801883,0.0,0.810596,0.744355,S1HC02,HC
0.0,0.0,0.916557,0.0,0.0,0.0,0.0,0.0,0.0,0.0,S1PT27,PT
0.0,0.0,0.0548324,0.0,0.611517,0.0,0.0,0.21919,0.0,0.0,S1PT27,PT
0.0,0.0,0.0,0.0,0.0,0.218274,0.0503778,0.812963,0.0,0.0,S1PT27,PT
0.0,0.0,0.0548324,0.0,0.611517,0.0,0.0,0.21919,0.0,0.0,S1PT27,PT
0.0,0.0,0.0,0.0,0.0,0.0,0.0,0.0,0.388819,0.0,S1PT27,PT
0.0,0.0,0.0548324,0.620243,0.611517,0.0,0.0,0.21919,0.0,0.0,S1PT27,PT
0.0,0.0,0.0548324,0.0,0.611517,0.0,0.0,0.21919,0.0,0.0,S1PT27,PT
0.0,0.0,0.485695,0.0,0.305759,0.0,0.0,0.109595,0.0,0.0,S1PT27,PT
0.0,0.0,0.0548324,0.0,0.611517,0.0,0.0,0.21919,0.0,0.0,S1PT27,PT
0.0,0.461998,0.0548324,0.0,0.0,0.0,0.0,0.21919,0.388819,0.0,S1PT27,PT
0.432792,0.0,0.0,0.645105,0.0,0.0,0.0,0.0,0.339102,0.0,S1PT27,PT
0.0,0.0,0.130038,0.124049,0.428062,0.0,0.0,0.153433,0.0777639,0.0,S1PT27,PT
0.432792,0.0,0.0,0.124049,0.0,0.0,0.0,0.0,0.339102,0.0,S1PT27,PT
0.432792,0.0,0.0,0.645105,0.0,0.0,0.0,0.0,0.339102,0.0,S1PT27,PT
0.432792,0.0,0.0,0.645105,0.0,0.0,0.0,0.0,0.339102,0.0,S1PT27,PT
0.543213,0.113159,0.0,0.0,0.0,0.0,0.0,0.0,0.206336,0.0,S1PT27,PT
0.432792,0.0,0.0,0.645105,0.0,0.0,0.0,0.0,0.569798,0.0,S1PT27,PT
0.432792,0.0,0.0,0.645105,0.0,0.0,0.0,0.0,0.339102,0.0,S1PT27,PT
0.460397,0.0282899,0.0,0.483829,0.0,0.0,0.0,0.0,0.363584,0.0,S1PT27,PT
0.601783,0.0,0.0,0.0,0.0,0.17691,0.0,0.0,0.0,0.0,S1PT27,PT
0.432792,0.0,0.0,0.645105,0.0,0.0,0.0,0.0,0.339102,0.0,S1PT27,PT
0.432792,0.0,0.0,0.645105,0.0,0.0,0.0,0.0,0.339102,0.0,S1PT27,PT
0.432792,0.0,0.0,0.645105,0.0,0.0,0.0,0.0,0.339102,0.0,S1PT27,PT
0.481941,0.00707247,0.0,0.44351,0.0,0.0442274,0.0,0.0,0.260447,0.0,S1PT27,PT
0.432792,0.0,0.0,0.645105,0.0,0.0,0.0,0.0,0.339102,0.0,S1PT27,PT
0.432792,0.0,0.0,0.645105,0.179966,0.0,0.0,0.0,0.339102,0.0,S1PT27,PT
0.432792,0.0,0.0,0.645105,0.0,0.0,0.0,0.0,0.339102,0.0,S1PT27,PT
0.788299,0.0,0.0,0.645105,0.0,0.0,0.0,0.0,0.339102,0.0,S1PT27,PT
0.457366,0.00353623,0.0,0.544307,0.0,0.0221137,0.0,0.0,0.299774,0.0,S1PT27,PT
0.432792,0.0,0.0,0.645105,0.0,0.0,0.0,0.0,0.339102,0.0,S1PT27,PT
0.0,0.0,0.0,0.0,0.0,0.0,0.0,0.0,0.0,0.0,S1PT27,PT
0.449175,0.00235749,0.0,0.577907,0.0,0.0147425,0.0,0.0,0.312883,0.0,S1PT27,PT
0.997728,0.0,0.756398,0.0,0.0,0.0,0.0,0.0,0.0,0.0,S1PT09,PT
0.0,0.0,0.84249,0.61613,0.0,0.203413,0.741408,0.0,0.0,0.876363,S1PT09,PT
0.997728,0.0,0.756398,0.0,0.0,0.0,0.741408,0.0,0.0,0.0,S1PT09,PT
0.498864,0.0,0.799444,0.308065,0.0,0.101707,0.370704,0.0,0.0,0.438182,S1PT09,PT
0.997728,0.0,0.756398,0.0,0.0,0.203413,0.741408,0.0,0.0,0.0,S1PT09,PT
0.0,0.0,0.84249,0.61613,0.0,0.203413,0.741408,0.0,0.0,0.876363,S1PT09,PT
0.997728,0.0,0.756398,0.0,0.520159,0.0,0.0,0.0,0.0,0.876363,S1PT09,PT
0.997728,0.0,0.756398,0.0,0.0,0.0,0.741408,0.0,0.0,0.0,S1PT09,PT
0.0,0.717683,0.0,0.0,0.0,0.0,0.159243,0.0,0.0,0.0,S1PT09,PT
0.583284,0.0,0.756398,0.0,0.0,0.101707,0.741408,0.0,0.0,0.0,S1PT09,PT
0.69841,0.0,0.782226,0.184839,0.104032,0.101707,0.518985,0.0,0.0,0.438182,S1PT09,PT
0.853629,0.0,0.756398,0.0,0.520159,0.203413,0.0,0.0,0.0,0.0,S1PT09,PT
0.62661,0.143537,0.610284,0.0369678,0.124838,0.0813653,0.432209,0.0,0.0,0.0876363,S1PT09,PT
0.69841,0.0,0.782226,0.184839,0.104032,0.101707,0.0,0.0,0.0,0.438182,S1PT09,PT
0.997728,0.0,0.756398,0.0,0.0,0.0,0.741408,0.0,0.0,0.0,S1PT09,PT
0.812169,0.0717683,0.683341,0.0184839,0.0624191,0.0406827,0.586808,0.0,0.0,0.0438182,S1PT09,PT
0.774249,0.0478456,0.716302,0.0739356,0.07629,0.061024,0.391206,0.0,0.0,0.175273,S1PT09,PT
0.997728,0.0,0.782226,0.0,0.0,0.0,0.741408,0.0,0.0,0.243112,S1PT09,PT
0.997728,0.0,0.756398,0.0,0.0,0.0,0.741408,0.0,0.0,0.0,S1PT09,PT
0.997728,0.0,0.782226,0.0,0.0,0.0,0.741408,0.0,0.0,0.243112,S1PT09,PT
0.812169,0.0478456,0.683341,0.0739356,0.07629,0.061024,0.391206,0.0,0.0,0.175273,S1PT09,PT
0.950491,0.0,0.943597,0.0,0.0,0.0,0.0,0.0,0.0,0.0,S1PT09,PT
0.997728,0.0,0.769312,0.0,0.0,0.0,0.741408,0.0,0.0,0.121556,S1PT09,PT
0.895469,0.0299035,0.734567,0.0231049,0.0346773,0.0254267,0.615207,0.0,0.0,0.115551,S1PT09,PT
0.774249,0.0,0.782226,0.0,0.0,0.0,0.741408,0.0,0.0,0.243112,S1PT09,PT
0.774249,0.0478456,0.797168,0.0184839,0.07629,0.061024,0.391206,0.0,0.0,0.175273,S1PT09,PT
0.92298,0.0149517,0.839082,0.0115524,0.0173386,0.0127133,0.307604,0.0,0.0,0.0577754,S1PT09,PT
0.950491,0.0,0.943597,0.0,0.0,0.0,0.0,0.0,0.0,0.0,S1PT09,PT
0.774249,0.0478456,0.797168,0.0739356,0.07629,0.061024,0.391206,0.0,0.0,0.175273,S1PT09,PT
0.886012,0.0179421,0.784634,0.0165035,0.0267511,0.0210678,0.517406,0.0,0.0,0.153411,S1PT09,PT
0.950491,0.0478456,0.943597,0.0,0.0,0.0,0.0,0.932619,0.0,0.0,S1PT09,PT
0.950491,0.0,0.943597,0.0,0.0,0.0,0.0,0.0,0.0,0.0,S1PT09,PT
0.883433,0.0201848,0.84112,0.0254979,0.0300949,0.0237013,0.304054,0.0,0.0,0.0966147,S1PT09,PT
0.86237,0.0239228,0.870382,0.0369678,0.038145,0.030512,0.195603,0.0,0.0,0.0876363,S1PT09,PT
0.92298,0.0149517,0.839082,0.0115524,0.0173386,0.0,0.0,0.0,0.0,0.0,S1PT09,PT
0.0,0.0,0.0,0.0,0.922323,0.629702,0.0,0.0,0.0,0.0,S1PT01,PT
0.0,0.0,0.0,0.873433,0.0,0.515051,0.0,0.0157268,0.0,0.0,S1PT01,PT
0.0,0.0,0.269975,0.0,0.0,0.0,0.0,0.0,0.0,0.0,S1PT01,PT
0.0,0.0,0.0,0.873433,0.922323,0.629702,0.0,0.0157268,0.0,0.0,S1PT01,PT
0.0,0.69707,0.0,0.344526,0.90499,0.0,0.0,0.0,0.985177,0.0,S1PT01,PT
0.0,0.0531814,0.0,0.0,0.0,0.629702,0.0,0.0,0.0,0.0,S1PT01,PT
0.0,0.0,0.0,0.436717,0.461162,0.572376,0.0,0.00786338,0.0,0.0,S1PT01,PT
0.0,0.0,0.269975,0.0,0.0,0.572376,0.0,0.0,0.0,0.0,S1PT01,PT
0.0,0.0,0.0,0.0,0.747394,0.0,0.0,0.0,0.0,0.0,S1PT01,PT
0.0,0.0,0.358505,0.436717,0.461162,0.563986,0.0,0.00786338,0.0,0.0,S1PT01,PT
0.0,0.15005,0.0539951,0.330935,0.457695,0.366356,0.0,0.00471803,0.197035,0.0,S1PT01,PT
0.0,0.0,0.0,0.436717,0.922323,0.629702,0.0,0.0157268,0.0,0.0,S1PT01,PT
0.0,0.69707,0.0,0.344526,0.90499,0.0,0.0,0.0,0.985177,0.0,S1PT01,PT
0.0,0.0,0.269975,0.0,0.0,0.572376,0.0,0.0,0.0,0.0,S1PT01,PT
0.0,0.640515,0.85376,0.0,0.0,0.0,0.310161,0.0,0.0,0.0,S1PT01,PT
0.0,0.0,0.0,0.436717,0.747394,0.0,0.0,0.0,0.0,0.0,S1PT01,PT
0.0,0.141187,0.113746,0.258149,0.582261,0.355404,0.0,0.00471803,0.197035,0.0,S1PT01,PT
0.0,0.0,0.0,0.344526,0.461162,0.0,0.0,0.0,0.0,0.0,S1PT01,PT
0.0,0.0,0.134988,0.218358,0.373697,0.286188,0.0,0.0,0.0,0.0,S1PT01,PT
0.0,0.0,0.269975,0.0,0.0,0.572376,0.0,0.0,0.0,0.0,S1PT01,PT
0.0,0.15634,0.247496,0.207878,0.358163,0.185556,0.0620321,0.000943606,0.0394071,0.0,S1PT01,PT
0.0,0.0,0.85967,0.0,0.747394,0.0,0.690696,0.0,0.0,0.0,S1PT01,PT
0.0,0.937387,0.0,0.344526,0.461162,0.0,0.0,0.0,0.0,0.0,S1PT01,PT
0.0,0.218745,0.302426,0.154153,0.388083,0.208824,0.150546,0.000188721,0.00788141,0.0,S1PT01,PT
0.0,0.0,0.85967,0.0,0.747394,0.0,0.690696,0.0,0.0,0.0,S1PT01,PT
0.0,0.468693,0.429835,0.172263,0.604278,0.0,0.345348,0.0,0.0,0.0,S1PT01,PT
0.0,0.217498,0.85967,0.0,0.747394,0.0,0.0,0.0,0.0,0.0,S1PT01,PT
0.0,0.109373,0.581048,0.0770763,0.567739,0.104412,0.420621,9.43606e-05,0.00394071,0.0,S1PT01,PT
0.0,0.226234,0.6129,0.081604,0.621787,0.052206,0.296647,4.71803e-05,0.00197035,0.0,S1PT01,PT
0.0,0.218745,0.302426,0.154153,0.388083,0.208824,0.150546,0.000188721,0.00788141,0.0,S1PT01,PT
0.0,0.217498,0.85967,0.0,0.747394,0.0,0.690696,0.0,0.0,0.0,S1PT01,PT
0.0,0.226234,0.302426,0.081604,0.621787,0.052206,0.150546,4.71803e-05,0.00197035,0.0,S1PT01,PT
0.0,0.192962,0.589011,0.0782082,0.581251,0.0913606,0.389627,8.25655e-05,0.00344812,0.0,S1PT01,PT
0.0,0.164059,0.441737,0.115614,0.477911,0.156618,0.285583,0.000141541,0.00591106,0.0,S1PT01,PT
0.0,0.109373,0.85967,0.0770763,0.567739,0.104412,0.420621,9.43606e-05,0.00394071,0.0,S1PT01,PT
0.865656,0.181269,0.341263,0.0,0.0,0.0,0.289164,0.428501,0.445444,0.0,S1PT06,PT
0.0,0.0,0.335746,0.0,0.225882,0.0,0.475536,0.0,0.892892,0.0,S1PT06,PT
0.0,0.919641,0.0,0.0,0.0,0.0,0.0,0.0,0.0,0.0,S1PT06,PT
0.529607,0.0,0.0,0.0,0.0122658,0.897567,0.475241,0.263981,0.0,0.205836,S1PT06,PT
0.782597,0.0,0.0,0.0,0.0122658,0.897567,0.475241,0.263981,0.0,0.0,S1PT06,PT
0.529607,0.919641,0.0,0.0,0.0,0.7678,0.0,0.0,0.0,0.205836,S1PT06,PT
0.865656,0.181269,0.341263,0.0,0.0,0.0,0.289164,0.428501,0.445444,0.0,S1PT06,PT
0.0,0.0,0.0,0.0,0.0,0.0,0.0,0.0,0.0,0.0,S1PT06,PT
0.877298,0.0,0.0,0.0,0.0,0.0,0.0,0.428501,0.0,0.0,S1PT06,PT
0.865656,0.181269,0.341263,0.0,0.0,0.0,0.289164,0.428501,0.445444,0.205836,S1PT06,PT
0.782597,0.0,0.0,0.0,0.0,0.897567,0.0,0.263981,0.0,0.0,S1PT06,PT
0.877298,0.0,0.0,0.0,0.0,0.0,0.815078,0.428501,0.0,0.0,S1PT06,PT
0.877298,0.0,0.0,0.0,0.0,0.0,0.0,0.428501,0.445444,0.205836,S1PT06,PT
0.782597,0.0,0.0,0.0,0.0,0.0,0.771278,0.428501,0.0,0.633938,S1PT06,PT
0.782597,0.0,0.0,0.0,0.0,0.0,0.771278,0.428501,0.0,0.0,S1PT06,PT
0.963324,0.906423,0.0,0.0,0.0,0.219277,0.0,0.0,0.0,0.0,S1PT06,PT
0.877298,0.0,0.0,0.0,0.0,0.0,0.0,0.428501,0.445444,0.205836,S1PT06,PT
0.877298,0.202172,0.0,0.0,0.0,0.219277,0.0,0.428501,0.0,0.205836,S1PT06,PT
0.963324,0.906423,0.0,0.0,0.0,0.219277,0.771278,0.0,0.0,0.0,S1PT06,PT
0.920311,0.453212,0.0,0.0,0.0,0.109639,0.0,0.21425,0.222722,0.102918,S1PT06,PT
0.920311,0.453212,0.0,0.0,0.0,0.109639,0.0,0.21425,0.222722,0.102918,S1PT06,PT
0.877298,0.453212,0.0,0.0,0.0,0.109639,0.0,0.428501,0.0,0.205836,S1PT06,PT
0.920311,0.202172,0.0,0.0,0.0,0.219277,0.0,0.21425,0.0,0.102918,S1PT06,PT
0.920311,0.202172,0.0,0.0,0.0,0.219277,0.0,0.21425,0.0,0.102918,S1PT06,PT
0.877298,0.168638,0.0,0.821273,0.0,0.109639,0.0,0.21425,0.0,0.205836,S1PT06,PT
0.877298,0.453212,0.0,0.0,0.0,0.109639,0.0,0.428501,0.0,0.205836,S1PT06,PT
0.0,0.0,0.0,0.0,0.296022,0.0,0.0,0.0,0.0,0.443652,S1HC18,HC
0.0,0.0,0.824837,0.0,0.0,0.0,0.0,0.0,0.0,0.913769,S1HC18,HC
0.0,0.0,0.0,0.0,0.0,0.0,0.600494,0.0,0.0,0.180692,S1HC18,HC
0.0,0.404169,0.0,0.0,0.0,0.0,0.0,0.0,0.0,0.0,S1HC18,HC
0.0,0.0,0.824837,0.0,0.0,0.0,0.0,0.0,0.0,0.913769,S1HC18,HC
0.0,0.0,0.274946,0.0,0.0986742,0.0,0.200165,0.0,0.0,0.512704,S1HC18,HC
0.0,0.0,0.274946,0.0,0.0986742,0.0,0.0,0.0,0.0,0.0,S1HC18,HC
0.0,0.0,0.274946,0.0,0.0986742,0.0,0.200165,0.0,0.0,0.512704,S1HC18,HC
0.921037,0.427549,0.0,0.0,0.0,0.0,0.0,0.0,0.0,0.0,S1HC18,HC
0.0,0.0,0.968116,0.0,0.0,0.0,0.0,0.0,0.0,0.913769,S1HC18,HC
0.921037,0.0,0.0,0.0,0.0,0.0,0.0,0.0,0.0,0.0,S1HC18,HC
0.921037,0.427549,0.0,0.0,0.537099,0.0,0.200165,0.0,0.0,0.0,S1HC18,HC
0.921037,0.427549,0.0,0.0,0.0,0.0,0.0,0.0,0.0,0.0,S1HC18,HC
0.921037,0.0,0.968116,0.0,0.0,0.0,0.0,0.0,0.0,0.913769,S1HC18,HC
0.921037,0.0,0.968116,0.0,0.0,0.0,0.0,0.0,0.0,0.913769,S1HC18,HC
0.921037,0.427549,0.0,0.0,0.0,0.0,0.0,0.0,0.0,0.0,S1HC18,HC
0.921037,0.213775,0.484058,0.0,0.268549,0.0,0.100082,0.0,0.0,0.456884,S1HC18,HC
0.921037,0.0,0.0,0.0,0.537099,0.0,0.0,0.0,0.0,0.215904,S1HC18,HC
0.921037,0.160331,0.363043,0.0,0.201412,0.0,0.0250206,0.0,0.0,0.396639,S1HC18,HC
0.921037,0.213775,0.0,0.0,0.537099,0.0,0.100082,0.0,0.0,0.456884,S1HC18,HC
0.921037,0.427549,0.0,0.0,0.0,0.0,0.0,0.0,0.0,0.0,S1HC18,HC
0.921037,0.213775,0.0,0.0,0.268549,0.0,0.0,0.0,0.0,0.107952,S1HC18,HC
0.921037,0.213775,0.968116,0.0,0.0,0.0,0.0,0.0,0.0,0.456884,S1HC18,HC
0.921037,0.320662,0.0,0.0,0.268549,0.0,0.0500412,0.0,0.0,0.228442,S1HC18,HC
0.921037,0.245841,0.266232,0.0,0.201412,0.0,0.0250206,0.0,0.0,0.283672,S1HC18,HC
0.921037,0.160331,0.968116,0.0,0.0,0.0,0.0250206,0.0,0.0,0.456884,S1HC18,HC
0.921037,0.427549,0.0,0.0,0.0,0.0,0.0,0.0,0.0,0.0,S1HC18,HC
0.921037,0.160331,0.363043,0.0,0.201412,0.0,0.0250206,0.0,0.0,0.396639,S1HC18,HC
0.921037,0.245841,0.266232,0.0,0.201412,0.0,0.0250206,0.0,0.0,0.283672,S1HC18,HC
0.695721,0.427549,0.0,0.0,0.0,0.913476,0.0,0.0,0.0,0.0,S1HC18,HC
0.921037,0.160331,0.968116,0.0,0.0,0.0,0.0250206,0.0,0.0,0.456884,S1HC18,HC
0.921037,0.427549,0.0,0.0,0.0,0.0,0.0250206,0.0,0.0,0.0,S1HC18,HC
0.921037,0.262943,0.319478,0.0,0.134275,0.0,0.0250206,0.0,0.0,0.273128,S1HC18,HC
0.0,0.0,0.0,0.0,0.0,0.693002,0.0,0.0,0.532352,0.0,S1PT28,PT
0.0,0.0,0.0,0.0,0.0,0.0,0.0,0.0,0.550199,0.0704176,S1PT28,PT
0.0,0.0,0.0,0.0,0.0,0.693002,0.0,0.0,0.550199,0.0704176,S1PT28,PT
0.0,0.0,0.0,0.0,0.0,0.346501,0.0,0.0,0.541276,0.0352088,S1PT28,PT
0.0,0.363293,0.493023,0.0,0.0,0.0,0.0,0.0,0.0,0.0,S1PT28,PT
0.0,0.121098,0.164341,0.0,0.0,0.346501,0.0,0.0,0.363825,0.0352088,S1PT28,PT
0.0,0.0,0.0,0.38737,0.0,0.346501,0.0,0.0,0.541276,0.0704176,S1PT28,PT
0.0,0.363293,0.493023,0.0,0.0,0.0,0.0,0.0,0.0,0.0,S1PT28,PT
0.0,0.363293,0.493023,0.0,0.0,0.0,0.0,0.0,0.0,0.0,S1PT28,PT
0.0,0.363293,0.164341,0.0,0.0,0.0,0.0,0.728769,0.0,0.0,S1PT28,PT
0.0,0.0,0.164341,0.411031,0.0,0.346501,0.0,0.0,0.363825,0.0352088,S1PT28,PT
0.0,0.363293,0.164341,0.0,0.0,0.346501,0.0,0.0,0.363825,0.0352088,S1PT28,PT
0.0,0.0,0.164341,0.411031,0.0,0.346501,0.0,0.0,0.363825,0.0352088,S1PT28,PT
0.0,0.363293,0.493023,0.0,0.0,0.0,0.0,0.0,0.363825,0.0,S1PT28,PT
0.0,0.242195,0.273902,0.13701,0.0,0.1155,0.0,0.242923,0.121275,0.0117363,S1PT28,PT
0.0,0.181646,0.164341,0.205515,0.0,0.173251,0.0,0.364384,0.181913,0.0176044,S1PT28,PT
0.0,0.363293,0.493023,0.0,0.0,0.0,0.0,0.0,0.0,0.535732,S1PT28,PT
0.0,0.363293,0.164341,0.0,0.0,0.346501,0.0,0.0,0.363825,0.0352088,S1PT28,PT
0.0,0.363293,0.0413325,0.0,0.0,0.346501,0.0,0.0,0.363825,0.826331,S1PT28,PT
0.0,0.363293,0.493023,0.0,0.0,0.0,0.0,0.0,0.0,0.535732,S1PT28,PT
0.0,0.252287,0.292162,0.125593,0.0,0.163625,0.0,0.101218,0.232444,0.105915,S1PT28,PT
0.0,0.242195,0.273902,0.13701,0.0,0.1155,0.0,0.242923,0.121275,0.0117363,S1PT28,PT
0.0,0.181646,0.328682,0.205515,0.0,0.173251,0.0,0.0,0.181913,0.28547,S1PT28,PT
0.0,0.294334,0.265574,0.0780198,0.0,0.190896,0.0,0.0573568,0.210547,0.300066,S1PT28,PT
0.0,0.252287,0.292162,0.125593,0.0,0.163625,0.0,0.101218,0.232444,0.105915,S1PT28,PT
0.0,0.363293,0.493023,0.0,0.0,0.346501,0.0,0.0,0.0,0.535732,S1PT28,PT
0.0,0.363293,0.493023,0.458756,0.0,0.163625,0.0,0.0,0.0,0.105915,S1PT28,PT
0.0,0.328814,0.379298,0.0390099,0.0,0.268699,0.0,0.0286784,0.105273,0.417899,S1PT28,PT
0.0,0.252287,0.493023,0.0,0.0,0.970928,0.0,0.0,0.0,0.105915,S1PT28,PT
0.0,0.294334,0.265574,0.0780198,0.0,0.190896,0.0,0.0573568,0.210547,0.300066,S1PT28,PT
0.0,0.0,0.411155,0.0,0.0,0.0,0.0,0.592835,0.0,0.0,S1HC05,HC
0.0,0.0,0.0,0.0,0.0,0.0,0.0,0.0,0.0,0.0,S1HC05,HC
0.0,0.0,0.0,0.0,0.650171,0.0,0.0,0.0,0.079039,0.0,S1HC05,HC
0.0,0.493486,0.0,0.0,0.0,0.0,0.0,0.0,0.0,0.0,S1HC05,HC
0.0,0.0,0.0307724,0.0,0.0,0.0,0.0,0.0,0.0,0.0,S1HC05,HC
0.0,0.0,0.411155,0.0,0.0,0.0,0.0,0.340614,0.0,0.0,S1HC05,HC
0.0,0.0,0.411155,0.0,0.0,0.0,0.0,0.592835,0.0,0.0,S1HC05,HC
0.0,0.493486,0.0,0.0,0.0,0.0,0.0,0.0,0.0,0.0,S1HC05,HC
0.334539,0.0,0.411155,0.0,0.0,0.0,0.0,0.592835,0.0,0.0,S1HC05,HC
0.0,0.493486,0.0,0.0,0.0,0.0,0.0,0.0,0.0,0.0,S1HC05,HC
0.0,0.493486,0.411155,0.0,0.0,0.0,0.0,0.592835,0.0,0.0,S1HC05,HC
0.0,0.0,0.614145,0.0,0.0,0.0,0.0,0.0,0.0,0.0,S1HC05,HC
0.0,0.246743,0.307072,0.0,0.0,0.0,0.0,0.0,0.0,0.0,S1HC05,HC
0.0,0.493486,0.0,0.0,0.0,0.0,0.0,0.0,0.0,0.0,S1HC05,HC
0.0,0.0,0.614145,0.0,0.0,0.0,0.0,0.0,0.0,0.0,S1HC05,HC
0.969738,0.493486,0.0,0.0,0.0,0.0,0.0,0.0,0.0,0.0,S1HC05,HC
0.0,0.328991,0.341767,0.0,0.0,0.0,0.0,0.197612,0.0,0.0,S1HC05,HC
0.0,0.493486,0.307072,0.0,0.0,0.0,0.0,0.0,0.0,0.0,S1HC05,HC
0.0,0.493486,0.0,0.0,0.0,0.0,0.0,0.0,0.0,0.0,S1HC05,HC
0.969738,0.493486,0.0,0.0,0.0,0.0,0.0,0.0,0.0,0.0,S1HC05,HC
0.193948,0.312541,0.252597,0.0,0.0,0.0,0.0,0.0395223,0.0,0.0,S1HC05,HC
0.0,0.411239,0.170883,0.0,0.0,0.0,0.0,0.0988058,0.0,0.0,S1HC05,HC
0.484869,0.452363,0.0854416,0.0,0.0,0.0,0.0,0.0494029,0.0,0.0,S1HC05,HC
0.0,0.493486,0.0,0.0,0.0,0.0,0.0,0.0,0.0,0.0,S1HC05,HC
0.0,0.493486,0.307072,0.0,0.0,0.0,0.358824,0.0395223,0.0,0.0,S1HC05,HC
0.193948,0.493486,0.252597,0.0,0.0,0.0,0.0,0.0395223,0.0,0.0,S1HC05,HC
0.969738,0.493486,0.0,0.0,0.0,0.0,0.0,0.0,0.0,0.0,S1HC05,HC
0.232737,0.440848,0.146111,0.0,0.0,0.0,0.0,0.0276656,0.0,0.0,S1HC05,HC
0.484869,0.493486,0.0854416,0.0,0.0,0.0,0.0,0.0494029,0.0,0.481304,S1HC05,HC
0.313549,0.477859,0.13187,0.0,0.0,0.0,0.059804,0.0260189,0.0,0.0,S1HC05,HC
0.601237,0.467167,0.0730553,0.0,0.0,0.0,0.0,0.0138328,0.0,0.0,S1HC05,HC
0.0973994,0.440848,0.146111,0.16526,0.0,0.0,0.0,0.0276656,0.0,0.0,S1HC05,HC
0.969738,0.493486,0.0,0.0,0.0,0.0,0.0,0.0,0.0,0.0,S1HC05,HC
0.967808,0.493486,0.307072,0.0,0.0,0.0,0.0,0.0276656,0.0,0.0,S1HC05,HC
0.0,0.0,0.0,0.0,0.391728,0.0,0.859608,0.0,0.495244,0.86958,S1PT13,PT
0.0,0.716406,0.0,0.0,0.308763,0.0,0.0,0.0,0.0,0.0,S1PT13,PT
0.403197,0.0,0.0,0.0,0.0,0.0,0.0,0.208045,0.0,0.0,S1PT13,PT
0.0,0.0,0.0,0.0,0.391728,0.0,0.859608,0.0,0.495244,0.86958,S1PT13,PT
0.403197,0.0,0.0,0.0,0.0,0.0,0.0,0.208045,0.0,0.86958,S1PT13,PT
0.0,0.0,0.0,0.0,0.391728,0.0,0.859608,0.0,0.495244,0.86958,S1PT13,PT
0.403197,0.0,0.0,0.0,0.0,0.0,0.0,0.208045,0.0,0.86958,S1PT13,PT
0.875089,0.0,0.0,0.0,0.0,0.0,0.0,0.208045,0.0,0.86958,S1PT13,PT
0.639143,0.0,0.0,0.0,0.0,0.0,0.0,0.208045,0.0,0.86958,S1PT13,PT
0.875089,0.0,0.0,0.0,0.0,0.0,0.0,0.208045,0.0,0.86958,S1PT13,PT
0.875089,0.0,0.0,0.0,0.772623,0.0,0.0,0.208045,0.0,0.86958,S1PT13,PT
0.875089,0.0,0.0,0.0,0.0,0.0,0.0,0.208045,0.0,0.86958,S1PT13,PT
0.875089,0.0,0.0,0.0,0.772623,0.0,0.0,0.208045,0.0,0.86958,S1PT13,PT
0.875089,0.0,0.0,0.0,0.0,0.0,0.0,0.208045,0.0,0.86958,S1PT13,PT
0.875089,0.0,0.0,0.0,0.386312,0.0,0.0,0.208045,0.0,0.86958,S1PT13,PT
0.875089,0.0,0.0,0.0,0.772623,0.0,0.0,0.208045,0.0,0.86958,S1PT13,PT
0.0,0.0,0.389849,0.0,0.0,0.0,0.974742,0.0,0.220548,0.0,S1HC23,HC
0.928624,0.0,0.534599,0.0,0.477675,0.0,0.0,0.0,0.0,0.0,S1HC23,HC
0.928624,0.0,0.389849,0.0,0.0,0.0,0.974742,0.0,0.220548,0.0,S1HC23,HC
0.928624,0.53943,0.534599,0.0,0.477675,0.0,0.974742,0.0,0.929389,0.0,S1HC23,HC
0.928624,0.0,0.534599,0.0,0.477675,0.0,0.0,0.0,0.0,0.0,S1HC23,HC
0.928624,0.0,0.534599,0.0,0.477675,0.0,0.0,0.0,0.0,0.0,S1HC23,HC
0.928624,0.0,0.534599,0.0,0.477675,0.0,0.0,0.0,0.980642,0.0,S1HC23,HC
0.928624,0.107886,0.505649,0.0,0.38214,0.0,0.389897,0.0,0.426116,0.0,S1HC23,HC
0.928624,0.0,0.534599,0.0,0.307823,0.0,0.974742,0.0,0.0,0.0,S1HC23,HC
0.928624,0.0,0.389849,0.0,0.0,0.0,0.974742,0.0,0.220548,0.0,S1HC23,HC
0.928624,0.0,0.534599,0.0,0.477675,0.0,0.0,0.0,0.220548,0.0,S1HC23,HC
0.928624,0.53943,0.389849,0.0,0.0,0.0,0.974742,0.0,0.929389,0.0,S1HC23,HC
0.928624,0.0,0.389849,0.0,0.38214,0.0,0.389897,0.0,0.426116,0.0,S1HC23,HC
0.928624,0.129463,0.470909,0.0,0.233528,0.0,0.662824,0.0,0.35932,0.0,S1HC23,HC
0.928624,0.733659,0.505649,0.0,0.0,0.0,0.389897,0.0,0.220548,0.0,S1HC23,HC
0.928624,0.0,0.389849,0.0,0.0,0.0,0.103214,0.0,0.929389,0.0,S1HC23,HC
0.928624,0.107886,0.505649,0.0,0.38214,0.0,0.389897,0.0,0.426116,0.0,S1HC23,HC
0.928624,0.366829,0.447749,0.0,0.0,0.0,0.246555,0.0,0.574969,0.0,S1HC23,HC
0.928624,0.733659,0.505649,0.0,0.0,0.0,0.389897,0.0,0.220548,0.0,S1HC23,HC
0.928624,0.194202,0.452381,0.0,0.199561,0.0,0.387146,0.0,0.472298,0.0,S1HC23,HC
0.928624,0.0,0.389849,0.0,0.38214,0.0,0.389897,0.0,0.426116,0.0,S1HC23,HC
0.928624,0.129463,0.470909,0.0,0.38214,0.0,0.31048,0.0,0.426116,0.0,S1HC23,HC
0.928624,0.0647316,0.430379,0.0,0.38214,0.0,0.350188,0.0,0.426116,0.0,S1HC23,HC
0.928624,0.284831,0.453307,0.0,0.192768,0.0,0.344795,0.0,0.424009,0.0,S1HC23,HC
0.928624,0.194202,0.452381,0.0,0.199561,0.0,0.389897,0.0,0.472298,0.0,S1HC23,HC
0.928624,0.129463,0.470909,0.0,0.38214,0.0,0.31048,0.0,0.472298,0.0,S1HC23,HC
0.928624,0.129463,0.470909,0.0,0.38214,0.0,0.31048,0.0,0.426116,0.0,S1HC23,HC
0.928624,0.0647316,0.470909,0.0,0.38214,0.0,0.31048,0.0,0.426116,0.0,S1HC23,HC
0.928624,0.194202,0.452381,0.0,0.199561,0.0,0.389897,0.0,0.472298,0.0,S1HC23,HC
0.928624,0.160538,0.455577,0.0,0.30775,0.0,0.341168,0.0,0.444167,0.0,S1HC23,HC
0.928624,0.129463,0.470909,0.0,0.38214,0.0,0.31048,0.0,0.426116,0.663248,S1HC23,HC
0.928624,0.239516,0.452844,0.0,0.196165,0.0,0.367346,0.0,0.448154,0.0,S1HC23,HC
0.928624,0.0647316,0.453307,0.0,0.38214,0.0,0.66707,0.0,0.424009,0.0,S1HC23,HC
0.928624,0.142197,0.459321,0.0,0.308316,0.0,0.39774,0.0,0.440143,0.110541,S1HC23,HC
0.928624,0.161832,0.461645,0.0,0.290851,0.0,0.350188,0.0,0.449207,0.331624,S1HC23,HC
0.928624,0.239516,0.452844,0.0,0.196165,0.0,0.367346,0.0,0.448154,0.0126984,S1HC23,HC
0.928624,0.239516,0.452844,0.0,0.199561,0.0,0.367346,0.0,0.448154,0.0,S1HC23,HC
0.928624,0.0647316,0.452844,0.0,0.196165,0.0,0.367346,0.0,0.448154,0.0,S1HC23,HC
0.928624,0.194202,0.452381,0.0,0.199561,0.0,0.389897,0.0,0.472298,0.0,S1HC23,HC
0.8523,0.0,0.0,0.0,0.0,0.0,0.0,0.0,0.0,0.0,S1HC22,HC
0.0,0.254887,0.0,0.0,0.48466,0.69801,0.570725,0.0,0.0,0.0,S1HC22,HC
0.0,0.0,0.0,0.714352,0.544814,0.433448,0.0,0.0,0.0,0.0,S1HC22,HC
0.0,0.913332,0.0,0.0,0.473778,0.0,0.0,0.0,0.781903,0.0,S1HC22,HC
0.42615,0.0,0.0,0.357176,0.272407,0.216724,0.0,0.0,0.0,0.0,S1HC22,HC
0.8523,0.0,0.864307,0.714352,0.0,0.0,0.0,0.0,0.0,0.0,S1HC22,HC
0.8523,0.0,0.0,0.0,0.0,0.0,0.0,0.0,0.0,0.0,S1HC22,HC
0.0,0.913332,0.0,0.0,0.473778,0.0,0.0,0.0,0.781903,0.0,S1HC22,HC
0.0,0.612415,0.0,0.843599,0.0,0.0,0.0,0.0,0.0,0.0,S1HC22,HC
0.42615,0.0,0.0,0.357176,0.0,0.216724,0.0,0.800822,0.0,0.0,S1HC22,HC
0.532688,0.228333,0.216077,0.267882,0.186546,0.0541809,0.0,0.0,0.195476,0.0,S1HC22,HC
0.0,0.612415,0.0,0.843599,0.0,0.0,0.0,0.0,0.0,0.0,S1HC22,HC
0.0,0.612415,0.0,0.843599,0.0,0.0,0.0,0.0,0.781903,0.0,S1HC22,HC
0.532688,0.228333,0.216077,0.267882,0.186546,0.0541809,0.0,0.0,0.195476,0.0,S1HC22,HC
0.42615,0.0,0.0,0.357176,0.0,0.216724,0.0,0.800822,0.781903,0.0,S1HC22,HC
0.532688,0.0,0.216077,0.267882,0.186546,0.0541809,0.981267,0.0,0.195476,0.0,S1HC22,HC
0.0,0.612415,0.0,0.843599,0.0,0.0,0.0,0.0,0.781903,0.0,S1HC22,HC
0.298305,0.290632,0.0864307,0.516028,0.0746185,0.0650171,0.196253,0.160164,0.390951,0.0,S1HC22,HC
0.0,0.612415,0.0,0.843599,0.0,0.0,0.0,0.0,0.781903,0.0,S1HC22,HC
0.0,0.612415,0.0,0.267882,0.0,0.0,0.0,0.0,0.195476,0.0,S1HC22,HC
0.0,0.612415,0.0,0.843599,0.0,0.0,0.0,0.0,0.390951,0.0,S1HC22,HC
0.532688,0.612415,0.748069,0.843599,0.186546,0.0,0.0,0.852287,0.0,0.0,S1HC22,HC
0.0,0.612415,0.0,0.843599,0.0620221,0.0,0.0,0.0,0.390951,0.0,S1HC22,HC
0.0,0.612415,0.0,0.843599,0.0,0.0,0.0,0.0,0.781903,0.0,S1HC22,HC
0.138499,0.558784,0.139083,0.693051,0.0435275,0.0108362,0.0327089,0.168742,0.423531,0.0,S1HC22,HC
0.0,0.612415,0.0,0.843599,0.0,0.0,0.0,0.0,0.781903,0.0,S1HC22,HC
0.298305,0.290632,0.0864307,0.843599,0.0746185,0.0,0.196253,0.160164,0.390951,0.0,S1HC22,HC
0.0,0.612415,0.0,0.843599,0.0746185,0.0,0.0,0.160164,0.338524,0.0,S1HC22,HC
0.138499,0.558784,0.139083,0.693051,0.0435275,0.0108362,0.0327089,0.168742,0.390951,0.0,S1HC22,HC
0.681105,0.0,0.0,0.0,0.0,0.0,0.0,0.0,0.0,0.0,S1HC22,HC
0.0,0.612415,0.0,0.843599,0.0,0.0,0.0,0.0,0.781903,0.0,S1HC22,HC
0.0,0.857306,0.0,0.0,0.0,0.0,0.0,0.0,0.0,0.0,S1HC22,HC
0.0,0.612415,0.0,0.843599,0.031011,0.0,0.0,0.0,0.586427,0.0,S1HC22,HC
0.0873608,0.537332,0.0451028,0.81349,0.0360336,0.00216724,0.0457925,0.0657812,0.553848,0.0,S1HC22,HC
0.0,0.612415,0.0,0.843599,0.712139,0.0,0.0,0.160164,0.781903,0.937073,S1HC22,HC
0.0,0.612415,0.0,0.843599,0.0746185,0.0,0.0,0.160164,0.338524,0.0,S1HC22,HC
0.0,0.612415,0.0,0.843599,0.0528148,0.0,0.0,0.0800822,0.462476,0.0,S1HC22,HC
0.681105,0.0,0.0,0.843599,0.0,0.0,0.0,0.0,0.0,0.0,S1HC22,HC
0.0,0.863146,0.820453,0.0,0.0,0.0,0.0,0.0,0.0,0.0,S1PT12,PT
0.0,0.929542,0.0,0.574055,0.0,0.0,0.0,0.0,0.0,0.0,S1PT12,PT
0.0,0.929542,0.0,0.574055,0.0,0.0,0.0,0.0,0.0,0.0,S1PT12,PT
0.0,0.896344,0.410226,0.287028,0.0,0.0,0.0,0.0,0.0,0.0,S1PT12,PT
0.0,0.863146,0.820453,0.0,0.0,0.0,0.969775,0.0,0.0,0.0,S1PT12,PT
0.0,0.929542,0.410226,0.287028,0.0,0.0,0.0,0.0,0.156423,0.0,S1PT12,PT
0.0,0.863146,0.820453,0.0,0.0,0.0,0.969775,0.0,0.0,0.0,S1PT12,PT
0.0,0.896344,0.820453,0.287028,0.0,0.0,0.0,0.0,0.0,0.0,S1PT12,PT
0.0,0.896344,0.410226,0.287028,0.0,0.0,0.323258,0.0,0.0,0.0,S1PT12,PT
0.0,0.896344,0.820453,0.287028,0.0,0.0,0.0,0.0,0.0,0.0,S1PT12,PT
0.0,0.863146,0.820453,0.287028,0.0,0.0,0.323258,0.0,0.0,0.0,S1PT12,PT
0.0,0.896344,0.0676929,0.287028,0.0,0.0,0.323258,0.0,0.156423,0.0,S1PT12,PT
0.0,0.879745,0.820453,0.287028,0.0,0.0,0.161629,0.0,0.0,0.0,S1PT12,PT
0.0,0.863146,0.820453,0.287028,0.0,0.0,0.323258,0.0,0.534362,0.0,S1PT12,PT
0.0,0.863146,0.820453,0.287028,0.0,0.0,0.0,0.0,0.0,0.0,S1PT12,PT
0.0,0.863146,0.820453,0.287028,0.0,0.0,0.323258,0.0,0.0,0.0,S1PT12,PT
0.0,0.896344,0.820453,0.698522,0.0,0.0,0.0,0.0,0.0,0.0,S1PT12,PT
0.0,0.885278,0.569533,0.287028,0.0,0.0,0.215506,0.0,0.0521409,0.0,S1PT12,PT
0.0,0.885278,0.569533,0.287028,0.0,0.0,0.215506,0.0,0.0521409,0.0,S1PT12,PT
0.0,0.879745,0.820453,0.287028,0.0,0.0,0.215506,0.0,0.0,0.0,S1PT12,PT
0.0,0.874212,0.694993,0.287028,0.0,0.0,0.107753,0.0,0.0260705,0.0,S1PT12,PT
0.0,0.879745,0.820453,0.287028,0.0,0.0,0.161629,0.0,0.0,0.0973331,S1PT12,PT
0.0,0.875134,0.778633,0.35561,0.0,0.0,0.170609,0.0,0.0977504,0.0,S1PT12,PT
0.0,0.878823,0.736813,0.300744,0.0,0.0,0.1742,0.0,0.0351924,0.0194666,S1PT12,PT
0.0,0.880206,0.674083,0.321319,0.0,0.0,0.193057,0.0,0.0749457,0.0,S1PT12,PT
0.0,0.875134,0.778633,0.35561,0.0,0.0,0.170609,0.0,0.0977504,0.0,S1PT12,PT
0.0,0.874212,0.694993,0.287028,0.0,0.0,0.161629,0.0,0.0260705,0.0973331,S1PT12,PT
0.0,0.875134,0.778633,0.35561,0.0,0.0,0.170609,0.0,0.0977504,0.0973331,S1PT12,PT
0.0,0.874673,0.736813,0.321319,0.0,0.0,0.166119,0.0,0.0619104,0.0486666,S1PT12,PT
0.0,0.880206,0.674083,0.287028,0.0,0.0,0.193057,0.0,0.0260705,0.0,S1PT12,PT
0.0,0.875134,0.694993,0.287028,0.0,0.0394671,0.170609,0.0,0.0260705,0.0973331,S1PT12,PT
0.0,0.877094,0.72113,0.316175,0.0,0.0,0.174874,0.0,0.0584897,0.0291999,S1PT12,PT
0.0,0.875134,0.778633,0.35561,0.0,0.0,0.170609,0.0,0.0977504,0.0,S1PT12,PT
0.0,0.0,0.857665,0.0,0.0,0.0,0.78307,0.267022,0.464939,0.0,S1HC04,HC
0.0,0.0,0.174124,0.569206,0.9884,0.23056,0.0,0.0,0.0,0.621755,S1HC04,HC
0.549412,0.0,0.0,0.0,0.0,0.0,0.0,0.0106129,0.0,0.0,S1HC04,HC
0.0,0.444394,0.0,0.0,0.0256999,0.490275,0.0,0.0,0.0,0.0,S1HC04,HC
0.0,0.222197,0.428832,0.0,0.01285,0.245137,0.391535,0.133511,0.232469,0.0,S1HC04,HC
0.137353,0.111099,0.257947,0.142302,0.253525,0.180209,0.195768,0.0694087,0.116235,0.155439,S1HC04,HC
0.549412,0.0,0.493284,0.0,0.0,0.23056,0.0,0.0,0.770973,0.0,S1HC04,HC
0.0,0.0,0.174124,0.569206,0.9884,0.23056,0.0,0.52226,0.0,0.621755,S1HC04,HC
0.171691,0.0833239,0.338547,0.177877,0.313694,0.221617,0.146826,0.181295,0.279919,0.194298,S1HC04,HC
0.0,0.0,0.0,0.0,0.0,0.0,0.0,0.0,0.600863,0.639445,S1HC04,HC
0.0,0.0,0.174124,0.569206,0.9884,0.23056,0.0,0.52226,0.0,0.621755,S1HC04,HC
0.0,0.0,0.174124,0.569206,0.9884,0.23056,0.0,0.52226,0.0,0.621755,S1HC04,HC
0.0,0.0,0.174124,0.569206,0.9884,0.23056,0.0,0.52226,0.0,0.621755,S1HC04,HC
0.171691,0.0833239,0.112543,0.177877,0.9884,0.221617,0.0,0.52226,0.279919,0.621755,S1HC04,HC
0.0,0.0,0.174124,0.569206,0.9884,0.23056,0.0,0.52226,0.0,0.621755,S1HC04,HC
0.171691,0.0,0.338547,0.177877,0.9884,0.221617,0.146826,0.181295,0.279919,0.621755,S1HC04,HC
0.298408,0.0,0.0,0.0,0.0,0.0,0.0,0.0,0.514283,0.0,S1HC04,HC
0.0,0.0,0.174124,0.569206,0.9884,0.23056,0.0,0.52226,0.0,0.621755,S1HC04,HC
0.0,0.0,0.0,0.569206,0.9884,0.23056,0.0,0.52226,0.0,0.0,S1HC04,HC
0.0,0.0,0.68991,0.569206,0.0,0.23056,0.0427935,0.52226,0.0,0.621755,S1HC04,HC
0.0,0.0,0.174124,0.0,0.9884,0.23056,0.66471,0.52226,0.514283,0.621755,S1HC04,HC
0.0,0.0,0.174124,0.569206,0.9884,0.23056,0.0,0.52226,0.0,0.621755,S1HC04,HC
0.0,0.0,0.432017,0.569206,0.4942,0.23056,0.0213968,0.52226,0.0,0.621755,S1HC04,HC
0.0,0.0,0.68991,0.569206,0.0,0.23056,0.0427935,0.52226,0.0,0.621755,S1HC04,HC
0.0,0.0,0.242457,0.455365,0.79072,0.23056,0.141501,0.52226,0.102857,0.497404,S1HC04,HC
0.0,0.0,0.432017,0.455365,0.4942,0.23056,0.0213968,0.52226,0.0,0.621755,S1HC04,HC
0.0,0.0,0.432017,0.569206,0.4942,0.23056,0.0213968,0.52226,0.0,0.621755,S1HC04,HC
0.0,0.0,0.337237,0.512286,0.64246,0.23056,0.0814487,0.52226,0.0514283,0.559579,S1HC04,HC
0.0,0.0,0.454795,0.531259,0.428307,0.23056,0.0685636,0.52226,0.0342856,0.580304,S1HC04,HC
0.0,0.0,0.432017,0.569206,0.4942,0.23056,0.0427935,0.52226,0.0,0.621755,S1HC04,HC
0.0,0.0,0.934072,0.512286,0.4942,0.23056,0.0814487,0.52226,0.0514283,0.621755,S1HC04,HC
0.0,0.0,0.432017,0.569206,0.4942,0.23056,0.0427935,0.52226,0.0,0.621755,S1HC04,HC
0.0,0.0,0.432017,0.569206,0.4942,0.23056,0.0213968,0.52226,0.0,0.621755,S1HC04,HC
0.0,0.0,0.432017,0.569206,0.4942,0.23056,0.0427935,0.52226,0.0,0.621755,S1HC04,HC
0.0,0.0,0.417617,0.527464,0.510673,0.23056,0.0471199,0.52226,0.0171428,0.60103,S1HC04,HC
0.0,0.0,0.432017,0.512286,0.4942,0.23056,0.0320951,0.52226,0.0,0.621755,S1HC04,HC
0.0,0.0,0.981127,0.0,0.931461,0.0,0.524081,0.0,0.0,0.311634,S1PT21,PT
0.0,0.0,0.0,0.0,0.0,0.893304,0.757213,0.886755,0.0803367,0.0,S1PT21,PT
0.358753,0.0,0.981127,0.0,0.0,0.893304,0.524081,0.886755,0.0803367,0.0,S1PT21,PT
0.358753,0.0,0.981127,0.0,0.0,0.893304,0.524081,0.886755,0.0803367,0.0,S1PT21,PT
0.358753,0.0,0.981127,0.0,0.0,0.893304,0.524081,0.886755,0.0803367,0.0,S1PT21,PT
0.358753,0.0,0.981127,0.0,0.0,0.893304,0.524081,0.886755,0.342471,0.0,S1PT21,PT
0.358753,0.0,0.981127,0.0,0.0,0.893304,0.524081,0.886755,0.0803367,0.0,S1PT21,PT
0.358753,0.845031,0.981127,0.0,0.0,0.893304,0.723881,0.886755,0.0803367,0.0,S1PT21,PT
0.358753,0.0,0.981127,0.0,0.0,0.893304,0.524081,0.886755,0.167715,0.0,S1PT21,PT
0.358753,0.0,0.981127,0.0,0.0,0.893304,0.524081,0.886755,0.0803367,0.0,S1PT21,PT
0.358753,0.845031,0.981127,0.0,0.0,0.893304,0.723881,0.886755,0.0803367,0.0,S1PT21,PT
0.637023,0.0,0.981127,0.0,0.0,0.893304,0.524081,0.805708,0.0803367,0.0,S1PT21,PT
0.358753,0.422516,0.981127,0.0,0.0,0.893304,0.623981,0.886755,0.0803367,0.0,S1PT21,PT
0.358753,0.0,0.981127,0.0,0.495799,0.601754,0.524081,0.886755,0.167715,0.0,S1PT21,PT
0.358753,0.211258,0.981127,0.0,0.0,0.893304,0.574031,0.886755,0.102181,0.0,S1PT21,PT
0.414407,0.295761,0.981127,0.0,0.0991598,0.834994,0.594011,0.870545,0.102181,0.0,S1PT21,PT
0.0,0.0,0.0,0.0,0.0,0.0,0.0,0.636578,0.0,0.0,S1PT21,PT
0.358753,0.633773,0.981127,0.0,0.0,0.893304,0.673931,0.886755,0.0803367,0.0,S1PT21,PT
0.25772,0.309845,0.654085,0.0,0.0330533,0.576099,0.422647,0.797959,0.0608393,0.0,S1PT21,PT
0.358753,0.633773,0.981127,0.0,0.0991598,0.893304,0.673931,0.886755,0.641303,0.0,S1PT21,PT
0.358753,0.633773,0.981127,0.0,0.0,0.893304,0.673931,0.886755,0.0803367,0.0,S1PT21,PT
0.325075,0.525797,0.872113,0.0,0.044071,0.787569,0.590169,0.857156,0.260826,0.0,S1PT21,PT
0.308236,0.471809,0.817606,0.0,0.0661065,0.734702,0.548289,0.842357,0.351071,0.0,S1PT21,PT
0.358753,0.633773,0.981127,0.0,0.0991598,0.576099,0.673931,0.797959,0.641303,0.0,S1PT21,PT
0.358753,0.633773,0.654085,0.0,0.0991598,0.893304,0.673931,0.886755,0.641303,0.0,S1PT21,PT
0.0,0.0,0.825917,0.653007,0.0,0.0,0.0,0.0,0.0,0.0,S1HC11,HC
0.417953,0.0,0.0,0.0,0.0,0.0,0.0,0.0,0.983646,0.0,S1HC11,HC
0.0,0.0,0.611211,0.449718,0.646897,0.0,0.851382,0.849689,0.0,0.0,S1HC11,HC
0.01104,0.0,0.825917,0.449718,0.0,0.0,0.851382,0.849689,0.0,0.0,S1HC11,HC
0.139318,0.0,0.479043,0.367575,0.215632,0.0,0.283794,0.28323,0.327882,0.0,S1HC11,HC
0.730543,0.0,0.0,0.0,0.0,0.627479,0.0,0.0,0.0,0.211859,S1HC11,HC
0.417953,0.0,0.0,0.0,0.0,0.0,0.0,0.0,0.983646,0.0,S1HC11,HC
0.0,0.0,0.825917,0.653007,0.0,0.0,0.743836,0.849689,0.0,0.0,S1HC11,HC
0.0,0.213449,0.0,0.0,0.0,0.0,0.0,0.0,0.647236,0.909722,S1HC11,HC
0.730543,0.0,0.0,0.0,0.0,0.627479,0.0,0.0,0.0,0.211859,S1HC11,HC
0.730543,0.0,0.0,0.0,0.0,0.849413,0.0,0.0,0.0,0.211859,S1HC11,HC
0.730543,0.0,0.0,0.0,0.0,0.627479,0.0,0.0,0.0,0.211859,S1HC11,HC
0.0,0.0,0.825917,0.449718,0.0,0.0,0.851382,0.849689,0.0,0.0,S1HC11,HC
0.259771,0.0,0.426175,0.29406,0.0431265,0.125496,0.375802,0.396522,0.262306,0.0423719,S1HC11,HC
0.0,0.948511,0.0,0.0,0.0,0.0,0.0,0.0,0.0,0.0,S1HC11,HC
0.730543,0.0,0.825917,0.0,0.0,0.627479,0.0,0.531205,0.0,0.211859,S1HC11,HC
0.0,0.0,0.426175,0.449718,0.0431265,0.0,0.851382,0.396522,0.262306,0.0,S1HC11,HC
0.730543,0.0,0.426175,0.0,0.715995,0.125496,0.0,0.0,0.262306,0.0423719,S1HC11,HC
0.730543,0.0,0.825917,0.0,0.0,0.627479,0.0,0.531205,0.0,0.211859,S1HC11,HC
0.0,0.948511,0.0,0.0,0.0,0.0,0.0,0.0,0.0,0.883036,S1HC11,HC
0.365272,0.237128,0.419567,0.11243,0.18978,0.188244,0.212845,0.231932,0.131153,0.284317,S1HC11,HC
0.730543,0.0,0.0,0.0,0.0,0.0,0.0,0.0,0.0,0.883036,S1HC11,HC
0.730543,0.0,0.426175,0.0,0.715995,0.125496,0.0,0.0,0.262306,0.0423719,S1HC11,HC
0.730543,0.0,0.426175,0.0,0.0,0.125496,0.0,0.0,0.262306,0.883036,S1HC11,HC
0.229504,0.0,0.0,0.0,0.0,0.0,0.0,0.0,0.0,0.0,S1HC11,HC
0.730543,0.0,0.426175,0.0,0.715995,0.125496,0.0,0.0,0.262306,0.0423719,S1HC11,HC
0.730543,0.0,0.426175,0.0,0.715995,0.125496,0.0,0.0,0.262306,0.0423719,S1HC11,HC
0.78227,0.0,0.426175,0.0,0.715995,0.0,0.598691,0.0,0.262306,0.883036,S1HC11,HC
0.608786,0.0790426,0.281914,0.0374765,0.301925,0.10458,0.0709485,0.0773106,0.131153,0.403242,S1HC11,HC
0.730543,0.0,0.426175,0.0,0.0,0.0,0.598691,0.0,0.262306,0.883036,S1HC11,HC
0.730543,0.0,0.426175,0.0,0.715995,0.125496,0.0,0.0,0.262306,0.0423719,S1HC11,HC
0.730543,0.0,0.426175,0.0,0.357997,0.125496,0.0,0.0,0.262306,0.462704,S1HC11,HC
0.635365,0.0131738,0.331103,0.00624609,0.408318,0.0801778,0.111607,0.0128851,0.196729,0.375676,S1HC11,HC
0.730543,0.0,0.426175,0.0,0.715995,0.125496,0.0,0.0,0.262306,0.0423719,S1HC11,HC
0.730543,0.0131738,0.426175,0.00624609,0.567052,0.125496,0.111607,0.0128851,0.196729,0.375676,S1HC11,HC
0.730543,0.0,0.426175,0.0,0.715995,0.125496,0.0,0.0,0.262306,0.0423719,S1HC11,HC
0.730543,0.0,0.426175,0.0,0.715995,0.125496,0.0,0.0,0.262306,0.0423719,S1HC11,HC
0.730543,0.0,0.426175,0.0,0.0299065,0.125496,0.0,0.0,0.262306,0.883036,S1HC11,HC
0.730543,0.0,0.426175,0.0,0.357997,0.125496,0.245622,0.0,0.262306,0.462704,S1HC11,HC
0.711507,0.00263475,0.407161,0.00124922,0.439661,0.091333,0.14206,0.00257702,0.24919,0.361232,S1HC11,HC
0.0,0.0,0.0,0.0,0.0,0.414734,0.0,0.0,0.0,0.0,S1HC19,HC
0.0,0.0,0.0,0.781436,0.822297,0.461735,0.0,0.25881,0.0,0.0,S1HC19,HC
0.0,0.0,0.0,0.0,0.0,0.0,0.362315,0.0,0.0,0.0,S1HC19,HC
0.0,0.0,0.0,0.0,0.0,0.573404,0.0,0.635487,0.0,0.0,S1HC19,HC
0.0,0.757315,0.0,0.0,0.0,0.0,0.362315,0.0,0.367153,0.0,S1HC19,HC
0.0,0.650609,0.0,0.0,0.761613,0.0,0.0,0.0,0.0,0.0,S1HC19,HC
0.0,0.757315,0.0,0.0,0.0,0.0,0.0,0.0,0.0,0.0,S1HC19,HC
0.0,0.757315,0.0,0.0,0.0,0.0,0.362315,0.0,0.367153,0.0,S1HC19,HC
0.0,0.757315,0.0,0.0,0.0,0.0,0.181157,0.0,0.183577,0.0,S1HC19,HC
0.0,0.0,0.0,0.0,0.0,0.0,0.0,0.0,0.181752,0.0,S1HC19,HC
0.0,0.757315,0.0,0.0,0.0,0.0,0.181157,0.0,0.183577,0.0,S1HC19,HC
0.0,0.757315,0.0,0.0,0.0,0.0,0.181157,0.0,0.183577,0.0,S1HC19,HC
0.0,0.757315,0.0,0.0,0.0,0.0,0.181157,0.0,0.183577,0.0,S1HC19,HC
0.0,0.757315,0.0,0.0,0.0,0.0,0.181157,0.0,0.183577,0.0,S1HC19,HC
0.0,0.757315,0.0,0.0,0.0,0.0,0.181157,0.0,0.183577,0.0,S1HC19,HC
0.0,0.757315,0.0,0.0,0.0,0.0,0.181157,0.0,0.183577,0.0,S1HC19,HC
0.0,0.757315,0.0,0.0,0.0,0.0,0.181157,0.0,0.183577,0.0,S1HC19,HC
0.0,0.0,0.0,0.0,0.0,0.0,0.0,0.0,0.52321,0.0,S1HC16,HC
0.0571772,0.0,0.0,0.0,0.0,0.976171,0.0,0.0,0.0,0.566822,S1HC16,HC
0.0,0.804743,0.0,0.0,0.0,0.0,0.0,0.0,0.52321,0.566822,S1HC16,HC
0.0,0.804743,0.0,0.0,0.0,0.0,0.0,0.0355074,0.52321,0.566822,S1HC16,HC
0.0,0.804743,0.0,0.0,0.0,0.0,0.0,0.0355074,0.52321,0.566822,S1HC16,HC
0.0,0.804743,0.0,0.0,0.0,0.0,0.0,0.0355074,0.52321,0.566822,S1HC16,HC
0.0,0.804743,0.0,0.233385,0.0,0.0,0.0,0.0355074,0.52321,0.566822,S1HC16,HC
0.0,0.804743,0.0,0.233385,0.0,0.0,0.0,0.0355074,0.52321,0.566822,S1HC16,HC
0.0,0.804743,0.0,0.233385,0.0,0.0,0.0,0.365764,0.52321,0.566822,S1HC16,HC
0.0,0.0,0.964034,0.0,0.0,0.542489,0.0,0.0,0.0,0.273532,S1PT08,PT
0.334515,0.971128,0.795376,0.473667,0.152499,0.0,0.649863,0.942189,0.0,0.0,S1PT08,PT
0.334515,0.971128,0.795376,0.473667,0.152499,0.0,0.649863,0.942189,0.0,0.0,S1PT08,PT
0.167257,0.485564,0.879705,0.236833,0.0762496,0.271245,0.324931,0.471095,0.0,0.136766,S1PT08,PT
0.0,0.971128,0.795376,0.0,0.0,0.542489,0.649863,0.0,0.0,0.0,S1PT08,PT
0.0,0.971128,0.879705,0.236833,0.0,0.271245,0.649863,0.471095,0.0,0.0,S1PT08,PT
0.334515,0.971128,0.795376,0.473667,0.152499,0.0,0.649863,0.942189,0.0,0.0,S1PT08,PT
0.0,0.161482,0.390866,0.0,0.0,0.0,0.952175,0.0,0.0,0.0,S1PT08,PT
0.334515,0.971128,0.795376,0.473667,0.152499,0.0,0.649863,0.942189,0.0,0.0,S1PT08,PT
0.167257,0.809273,0.823486,0.236833,0.0762496,0.271245,0.541552,0.471095,0.0,0.0455887,S1PT08,PT
0.334515,0.971128,0.795376,0.473667,0.152499,0.0,0.649863,0.942189,0.0,0.0,S1PT08,PT
0.167257,0.776828,0.736962,0.2842,0.0762496,0.108498,0.688663,0.565313,0.0,0.00911774,S1PT08,PT
0.167257,0.809273,0.823486,0.236833,0.0762496,0.0,0.541552,0.471095,0.0,0.0455887,S1PT08,PT
0.0,0.971128,0.795376,0.236833,0.105141,0.271245,0.649863,0.471095,0.0,0.0,S1PT08,PT
0.0836287,0.873978,0.766169,0.260517,0.0906951,0.189871,0.669263,0.518204,0.0,0.00455887,S1PT08,PT
0.167257,0.882089,0.7878,0.307883,0.102535,0.0949356,0.632485,0.612423,0.0,0.0136766,S1PT08,PT
0.0,0.971128,0.795376,0.236833,0.105141,0.271245,0.649863,0.471095,0.0,0.0,S1PT08,PT
0.0,0.809273,0.795376,0.846459,0.0762496,0.0,0.907206,0.471095,0.0,0.0455887,S1PT08,PT
0.125443,0.878034,0.776984,0.2842,0.096615,0.142403,0.650874,0.565313,0.0,0.00911774,S1PT08,PT
0.0,0.971128,0.795376,0.236833,0.0906951,0.271245,0.649863,0.471095,0.798821,0.00455887,S1PT08,PT
0.0627215,0.884117,0.78618,0.412923,0.093655,0.139013,0.714704,0.518204,0.0,0.015956,S1PT08,PT
0.0836287,0.873978,0.766169,0.260517,0.0906951,0.189871,0.669263,0.518204,0.0,0.00455887,S1PT08,PT
0.0,0.155632,0.0,0.0,0.0,0.0,0.0,0.0,0.676514,0.0,S1PT08,PT
0.0543586,0.752578,0.624942,0.238895,0.074332,0.148506,0.536941,0.414563,0.295067,0.0068383,S1PT08,PT
0.0,0.155632,0.766169,0.0,0.0,0.0,0.0,0.0,0.676514,0.00455887,S1PT08,PT
0.0627215,0.739175,0.776984,0.2842,0.096615,0.142403,0.714704,0.518204,0.0,0.00911774,S1PT08,PT
0.0418143,0.514805,0.383084,0.130258,0.0453476,0.0949356,0.334631,0.259102,0.338257,0.00227943,S1PT08,PT
0.0627215,0.739175,0.624942,0.2842,0.074332,0.142403,0.714704,0.518204,0.295067,0.00911774,S1PT08,PT
0.0543586,0.408165,0.766169,0.914423,0.0,0.0,0.0,0.0,0.295067,0.0068383,S1PT08,PT
0.0480865,0.633691,0.504013,0.184576,0.0598398,0.121721,0.435786,0.336833,0.316662,0.00455887,S1PT08,PT
0.0397236,0.540547,0.637795,0.163338,0.0540736,0.0964614,0.396569,0.297967,0.32746,0.00569859,S1PT08,PT
0.0418143,0.514805,0.383084,0.130258,0.0453476,0.0949356,0.334631,0.259102,0.338257,0.00227943,S1PT08,PT
0.0,0.0,0.0,0.775741,0.0,0.717422,0.416778,0.0,0.0,0.0,S1HC03,HC
0.0,0.0,0.0,0.0,0.0,0.298246,0.0,0.0,0.0,0.0,S1HC03,HC
0.0,0.0,0.0,0.0,0.0,0.298246,0.0,0.0,0.0,0.0,S1HC03,HC
0.0,0.0,0.0,0.38787,0.0,0.507834,0.208389,0.0,0.0,0.0,S1HC03,HC
0.0,0.402529,0.0,0.38787,0.0,0.507834,0.0,0.0,0.0,0.0,S1HC03,HC
0.0,0.0,0.0,0.0,0.0,0.507834,0.0,0.0,0.0,0.0,S1HC03,HC
0.0,0.0,0.0,0.38787,0.0,0.507834,0.208389,0.0,0.0,0.0,S1HC03,HC
0.0,0.0,0.0,0.38787,0.0,0.298246,0.0,0.0,0.0,0.0,S1HC03,HC
0.0,0.0,0.0,0.0,0.523843,0.298246,0.0,0.0,0.0,0.0,S1HC03,HC
0.0,0.0805058,0.0,0.232722,0.104769,0.423999,0.0416778,0.0,0.0,0.0,S1HC03,HC
0.0,0.402529,0.0,0.38787,0.0,0.507834,0.0,0.0,0.0,0.0,S1HC03,HC
0.0,0.402529,0.0,0.232722,0.104769,0.507834,0.0416778,0.0,0.0,0.0,S1HC03,HC
0.0,0.402529,0.0,0.38787,0.0,0.507834,0.0,0.0,0.0,0.0,S1HC03,HC
0.0,0.402529,0.0,0.232722,0.104769,0.507834,0.0,0.0,0.0,0.0,S1HC03,HC
0.0,0.402529,0.0,0.310296,0.0523843,0.507834,0.0208389,0.0,0.0,0.0,S1HC03,HC
0.0,0.402529,0.0,0.38787,0.0,0.507834,0.0,0.0,0.0,0.0,S1HC03,HC
0.0,0.402529,0.0,0.38787,0.0,0.507834,0.526539,0.657193,0.0,0.0,S1HC03,HC
0.0,0.402529,0.0,0.38787,0.0,0.507834,0.0,0.0,0.0,0.0,S1HC03,HC
0.0,0.402529,0.0,0.341326,0.0314306,0.507834,0.109475,0.131439,0.0,0.0,S1HC03,HC
0.0,0.402529,0.0,0.38787,0.0,0.507834,0.0,0.0,0.0,0.0,S1HC03,HC
0.0,0.402529,0.0,0.38787,0.0,0.507834,0.526539,0.657193,0.0,0.0,S1HC03,HC
0.0,0.402529,0.0,0.38787,0.0,0.623813,0.526539,0.0,0.0,0.0,S1HC03,HC
0.0,0.402529,0.0,0.310296,0.0523843,0.507834,0.263269,0.328597,0.0,0.0,S1HC03,HC
0.624619,0.402529,0.0,0.38787,0.0314306,0.507834,0.109475,0.131439,0.0,0.0,S1HC03,HC
0.0,0.402529,0.0,0.38787,0.0,0.507834,0.526539,0.657193,0.0,0.0,S1HC03,HC
0.0,0.402529,0.0,0.363047,0.016763,0.53103,0.285164,0.223446,0.0,0.0,S1HC03,HC
0.0,0.402529,0.0,0.38787,0.0314306,0.507834,0.17699,0.657193,0.0,0.0,S1HC03,HC
0.0,0.402529,0.0,0.38787,0.0,0.507834,0.109475,0.657193,0.0,0.0,S1HC03,HC
0.0,0.975108,0.0,0.0,0.0,0.0,0.0,0.0,0.0,0.0,S1HC03,HC
0.0,0.402529,0.0,0.364598,0.0157153,0.507834,0.318007,0.394316,0.0,0.0,S1HC03,HC
0.0,0.0,0.0,0.862233,0.349141,0.0,0.0,0.0,0.0,0.0,S1HC20,HC
0.44352,0.0,0.0,0.0,0.0,0.0,0.0,0.0,0.0,0.0521155,S1HC20,HC
0.44352,0.0,0.0,0.862233,0.0,0.0,0.0,0.0,0.438133,0.0521155,S1HC20,HC
0.44352,0.0,0.0,0.0,0.0,0.0,0.0,0.0,0.0,0.0521155,S1HC20,HC
0.44352,0.0,0.0,0.0,0.349141,0.0,0.0,0.0,0.0,0.0,S1HC20,HC
0.44352,0.0,0.96524,0.0,0.349141,0.0,0.0,0.0,0.0,0.0521155,S1HC20,HC
0.44352,0.0,0.0,0.287411,0.11638,0.0,0.0,0.0,0.146044,0.0347437,S1HC20,HC
0.44352,0.0,0.0,0.0,0.0,0.0,0.0,0.0,0.0,0.0521155,S1HC20,HC
0.630009,0.0,0.0,0.787237,0.0,0.0,0.0,0.0,0.0,0.0,S1HC20,HC
0.44352,0.0,0.96524,0.0,0.349141,0.0,0.0,0.0,0.0,0.0521155,S1HC20,HC
0.44352,0.0,0.798809,0.287411,0.11638,0.0,0.0,0.0,0.146044,0.0347437,S1HC20,HC
0.12859,0.86201,0.0,0.0,0.0,0.0,0.0,0.0,0.0,0.0,S1HC20,HC
0.44352,0.0,0.96524,0.0,0.349141,0.0,0.0,0.0,0.0,0.0521155,S1HC20,HC
0.12859,0.86201,0.145135,0.0,0.349141,0.0,0.0,0.0,0.0,0.0,S1HC20,HC
0.44352,0.0,0.96524,0.0,0.349141,0.0,0.0,0.0,0.796627,0.0521155,S1HC20,HC
0.286055,0.431005,0.555187,0.0,0.349141,0.0,0.0,0.0,0.398313,0.0260577,S1HC20,HC
0.44352,0.0,0.96524,0.0,0.349141,0.0,0.0,0.0,0.796627,0.0521155,S1HC20,HC
0.44352,0.0,0.96524,0.0,0.349141,0.0,0.0,0.0,0.796627,0.0521155,S1HC20,HC
0.44352,0.0,0.96524,0.0,0.349141,0.0,0.0,0.523179,0.796627,0.0521155,S1HC20,HC
0.44352,0.0,0.96524,0.0,0.349141,0.0,0.693216,0.0,0.796627,0.0521155,S1HC20,HC
0.391032,0.143668,0.828556,0.0,0.349141,0.0,0.0,0.0,0.663856,0.0434296,S1HC20,HC
0.605024,0.0,0.0,0.0,0.0,0.0,0.0,0.0,0.0,0.10025,S1PT18,PT
0.0,0.0,0.0,0.0,0.0,0.0,0.689588,0.0,0.148921,0.0,S1PT18,PT
0.641466,0.0,0.0,0.0,0.554912,0.940048,0.0,0.0,0.0,0.0,S1PT18,PT
0.0,0.0,0.0,0.0,0.0,0.0,0.0,0.0,0.0,0.0,S1PT18,PT
0.0,0.286991,0.0,0.960971,0.0,0.487212,0.0,0.389,0.0,0.0,S1PT18,PT
0.641466,0.0777626,0.0,0.0,0.554912,0.940048,0.0,0.0,0.0,0.0,S1PT18,PT
0.808082,0.0,0.0,0.0,0.0,0.0,0.0,0.0,0.766742,0.0,S1PT18,PT
0.0,0.286991,0.0,0.960971,0.0,0.487212,0.0,0.389,0.0,0.0,S1PT18,PT
0.605024,0.0,0.0,0.0,0.554912,0.0,0.0,0.0,0.0,0.10025,S1PT18,PT
0.0,0.0,0.994192,0.0,0.144812,0.0,0.0,0.0,0.0,0.0,S1PT18,PT
0.641466,0.0777626,0.0,0.0,0.554912,0.940048,0.0,0.0,0.0,0.0,S1PT18,PT
0.150223,0.0777626,0.994192,0.0,0.554912,0.0,0.0,0.0,0.0,0.0,S1PT18,PT
0.800016,0.302189,0.0,0.0,0.0,0.0,0.0,0.0,0.0,0.0,S1PT18,PT
0.641466,0.0,0.0,0.0,0.554912,0.940048,0.0,0.0,0.0,0.0,S1PT18,PT
0.641466,0.0777626,0.0,0.0,0.554912,0.940048,0.0,0.0,0.0,0.0,S1PT18,PT
0.641466,0.0777626,0.994192,0.0,0.554912,0.940048,0.0,0.166912,0.0,0.0,S1PT18,PT
0.641466,0.0777626,0.994192,0.0,0.554912,0.940048,0.0,0.166912,0.0,0.0,S1PT18,PT
0.0,0.0,0.0,0.849042,0.0,0.0,0.0,0.0,0.0,0.021172,S1PT18,PT
0.641466,0.0777626,0.994192,0.0,0.554912,0.940048,0.0,0.166912,0.0,0.0,S1PT18,PT
0.150223,0.0777626,0.994192,0.0,0.554912,0.0,0.0,0.0,0.0,0.0,S1PT18,PT
0.574927,0.107095,0.397677,0.0,0.443929,0.564029,0.0,0.0333825,0.0,0.0,S1PT18,PT
0.395844,0.0777626,0.994192,0.0,0.554912,0.470024,0.0,0.0834561,0.0,0.0,S1PT18,PT
0.641466,0.0777626,0.0,0.0,0.554912,0.940048,0.678278,0.0,0.0,0.0,S1PT18,PT
0.395844,0.0777626,0.994192,0.0,0.554912,0.470024,0.0,0.0834561,0.0,0.0,S1PT18,PT
0.641466,0.0777626,0.994192,0.0,0.554912,0.940048,0.0,0.166912,0.0,0.0,S1PT18,PT
0.641466,0.0,0.0,0.0,0.554912,0.940048,0.0,0.166912,0.0,0.0,S1PT18,PT
0.0,0.0,0.0,0.0,0.0,0.0,0.0,0.0,0.0,0.0,S1PT18,PT
0.641466,0.0,0.0,0.0,0.554912,0.940048,0.0,0.166912,0.0,0.0,S1PT18,PT
0.395844,0.0777626,0.994192,0.0,0.554912,0.470024,0.0,0.0834561,0.0,0.0,S1PT18,PT
0.641466,0.0777626,0.0,0.0,0.554912,0.470024,0.0,0.0450574,0.0,0.0,S1PT18,PT
0.518655,0.0388813,0.497096,0.0,0.554912,0.705036,0.0,0.125184,0.0,0.0,S1PT18,PT
0.395844,0.0777626,0.994192,0.0,0.554912,0.470024,0.0,0.0834561,0.0,0.0,S1PT18,PT
0.395844,0.0,0.994192,0.0,0.0,0.470024,0.0,0.0,0.277701,0.0,S1PT18,PT
0.641466,0.0,0.0,0.0,0.0,0.940048,0.0,0.0,0.0,0.0,S1PT18,PT
0.419694,0.0388813,0.248548,0.0,0.416184,0.470024,0.0,0.0738564,0.0,0.0,S1PT18,PT
0.0,0.260569,0.0,0.0433428,0.856206,0.0,0.0,0.0,0.0,0.0,S1HC13,HC
0.0,0.0,0.0,0.0,0.0,0.0,0.98269,0.744843,0.0,0.0,S1HC13,HC
0.0,0.0,0.0,0.977568,0.0359227,0.0338783,0.0,0.830533,0.0,0.0,S1HC13,HC
0.0,0.0868564,0.0,0.340304,0.297376,0.0112928,0.327563,0.525125,0.0,0.0,S1HC13,HC
0.0,0.130285,0.0,0.0216714,0.428103,0.0,0.491345,0.372421,0.0,0.0,S1HC13,HC
0.0,0.0,0.0531521,0.572403,0.0,0.0072644,0.0,0.0,0.0,0.0,S1HC13,HC
0.0,0.260569,0.0,0.0433428,0.856206,0.0,0.0,0.0,0.0,0.0,S1HC13,HC
0.0,0.910004,0.0,0.0433428,0.856206,0.0,0.98269,0.0,0.0,0.0,S1HC13,HC
0.801582,0.85695,0.0,0.0,0.0,0.0,0.583701,0.0,0.0,0.0,S1HC13,HC
0.0,0.277543,0.0106304,0.204213,0.487578,0.00371144,0.36032,0.179509,0.0,0.0,S1HC13,HC
0.0985831,0.777874,0.0,0.0,0.0,0.0,0.0,0.0,0.0,0.0,S1HC13,HC
0.0,0.260569,0.0,0.0433428,0.856206,0.0,0.98269,0.0,0.0,0.0,S1HC13,HC
0.0,0.0,0.0531521,0.572403,0.0,0.0072644,0.0,0.0,0.0,0.0,S1HC13,HC
0.0,0.130285,0.0,0.572403,0.428103,0.0072644,0.0,0.372421,0.0,0.0,S1HC13,HC
0.801582,0.85695,0.0,0.0,0.0,0.0,0.583701,0.0,0.0,0.0,S1HC13,HC
0.0,0.277543,0.0106304,0.204213,0.487578,0.00371144,0.977707,0.179509,0.0,0.0,S1HC13,HC
0.0985831,0.777874,0.0,0.0,0.0,0.0,0.0,0.0,0.0,0.0,S1HC13,HC
0.150028,0.38387,0.0106304,0.23206,0.295314,0.00304004,0.321119,0.0919884,0.0,0.0,S1HC13,HC
0.262548,0.574059,0.00531521,0.109068,0.195723,0.00168787,0.470632,0.0678744,0.0,0.0,S1HC13,HC
0.940343,0.0,0.0,0.0,0.0,0.0,0.985445,0.0,0.0,0.936099,S1HC13,HC
0.0985831,0.777874,0.0,0.0,0.0,0.0,0.0,0.0,0.0,0.0,S1HC13,HC
0.150028,0.777874,0.398808,0.0,0.0,0.00304004,0.0,0.0919884,0.0,0.0,S1HC13,HC
0.124305,0.580872,0.00531521,0.11603,0.147657,0.00152002,0.160559,0.0459942,0.0,0.0,S1HC13,HC
0.0985831,0.777874,0.0,0.0,0.0,0.0,0.0,0.0,0.0,0.351255,S1HC13,HC
0.940343,0.0,0.0,0.0,0.0,0.0,0.985445,0.0,0.0,0.936099,S1HC13,HC
0.545185,0.388937,0.199404,0.0,0.0,0.00152002,0.492723,0.0459942,0.0,0.468049,S1HC13,HC
0.150028,0.777874,0.398808,0.0,0.0,0.00304004,0.0,0.0919884,0.0,0.0,S1HC13,HC
0.940343,0.0,0.0,0.0,0.0,0.0,0.655593,0.0,0.0,0.0,S1HC13,HC
0.728492,0.0,0.0,0.625086,0.0,0.0,0.0,0.0,0.0,0.63569,S1HC13,HC
0.0985831,0.777874,0.0,0.0,0.0,0.0,0.403634,0.0919884,0.0,0.351255,S1HC13,HC
0.150028,0.777874,0.398808,0.0,0.0,0.00304004,0.0,0.0919884,0.0,0.0,S1HC13,HC
0.124305,0.777874,0.199404,0.0,0.0,0.00152002,0.0,0.0459942,0.0,0.175627,S1HC13,HC
0.0985831,0.777874,0.398808,0.0,0.0,0.00304004,0.0,0.0,0.0,0.351255,S1HC13,HC
0.0,0.911753,0.0174267,0.0,0.909157,0.0,0.0,0.0,0.0,0.899983,S1HC13,HC
0.413537,0.388937,0.0,0.312543,0.0,0.0,0.201817,0.0459942,0.0,0.493472,S1HC13,HC
0.0985831,0.777874,0.199404,0.0,0.0,0.0,0.403634,0.924224,0.0,0.351255,S1HC13,HC
0.0985831,0.0,0.0,0.625086,0.0,0.0,0.0,0.0,0.0,0.63569,S1HC13,HC
0.728492,0.0,0.0,0.625086,0.0,0.0,0.0,0.0,0.0,0.63569,S1HC13,HC
0.0,0.0,0.0,0.0,0.0,0.0,0.0,0.0,0.0,0.528455,S1HC13,HC
0.0985831,0.777874,0.398808,0.0,0.0,0.0,0.185443,0.0919884,0.0,0.351255,S1HC13,HC
0.239998,0.622299,0.199404,0.125017,0.0,0.00152002,0.0807267,0.0459942,0.0,0.302765,S1HC13,HC
0.0,0.424599,0.0,0.626714,0.384959,0.0,0.0,0.0,0.950931,0.633435,S1PT23,PT
0.0,0.0,0.0,0.482523,0.0,0.0,0.126562,0.154234,0.0,0.0,S1PT23,PT
0.0,0.424599,0.0,0.626714,0.384959,0.0,0.0,0.154234,0.950931,0.633435,S1PT23,PT
0.0,0.508129,0.0,0.0,0.0,0.0,0.0,0.0,0.726102,0.0,S1PT23,PT
0.0,0.508129,0.0,0.0,0.384959,0.0,0.0,0.0,0.726102,0.0,S1PT23,PT
0.0,0.424599,0.0,0.626714,0.384959,0.0,0.0,0.154234,0.726102,0.633435,S1PT23,PT
0.0,0.424599,0.0,0.626714,0.384959,0.0,0.0,0.154234,0.726102,0.633435,S1PT23,PT
0.0,0.424599,0.0,0.626714,0.384959,0.0,0.0,0.0,0.726102,0.633435,S1PT23,PT
0.0,0.424599,0.0,0.626714,0.384959,0.0,0.0,0.0,0.726102,0.633435,S1PT23,PT
0.0,0.424599,0.0,0.626714,0.384959,0.0,0.0,0.154234,0.726102,0.633435,S1PT23,PT
0.0,0.424599,0.0,0.626714,0.384959,0.0,0.0,0.0771171,0.726102,0.633435,S1PT23,PT
0.0,0.424599,0.0,0.626714,0.384959,0.0,0.0,0.154234,0.726102,0.633435,S1PT23,PT
0.0,0.424599,0.0,0.626714,0.384959,0.0,0.0,0.154234,0.726102,0.633435,S1PT23,PT
0.0,0.424599,0.0,0.626714,0.384959,0.0,0.0,0.115676,0.726102,0.633435,S1PT23,PT
0.0,0.424599,0.0,0.626714,0.384959,0.0,0.0,0.134955,0.726102,0.633435,S1PT23,PT
0.0,0.424599,0.0,0.626714,0.384959,0.0,0.0,0.154234,0.726102,0.633435,S1PT23,PT
0.0,0.424599,0.0,0.626714,0.384959,0.0,0.0,0.115676,0.726102,0.633435,S1PT23,PT
0.0,0.247226,0.0,0.793005,0.0,0.0,0.0,0.0,0.0,0.0,S1PT05,PT
0.0,0.247226,0.0,0.793005,0.0,0.0,0.0,0.0,0.0,0.0,S1PT05,PT
0.0,0.247226,0.0,0.793005,0.0,0.0,0.0,0.0,0.0,0.0,S1PT05,PT
0.0,0.247226,0.0,0.793005,0.0,0.0,0.0,0.0,0.0,0.0,S1PT05,PT
0.856949,0.247226,0.0,0.793005,0.0,0.195313,0.0,0.0,0.0,0.0,S1PT05,PT
0.856949,0.247226,0.0,0.985796,0.0,0.0,0.0,0.0,0.0,0.0,S1PT05,PT
0.856949,0.247226,0.0,0.793005,0.0,0.195313,0.0,0.0,0.0,0.0,S1PT05,PT
0.856949,0.247226,0.0,0.8894,0.0,0.0976567,0.0,0.0,0.0,0.0,S1PT05,PT
0.856949,0.247226,0.0,0.793005,0.0,0.195313,0.0,0.0,0.0,0.0,S1PT05,PT
0.856949,0.247226,0.0,0.8894,0.0,0.0976567,0.0,0.0,0.0,0.0,S1PT05,PT
0.856949,0.247226,0.0,0.793005,0.0,0.195313,0.0,0.0,0.0,0.0,S1PT05,PT
0.856949,0.247226,0.0,0.8894,0.0,0.0976567,0.0,0.0,0.0,0.283995,S1PT05,PT
0.856949,0.247226,0.0,0.793005,0.0,0.195313,0.0,0.0,0.0,0.0,S1PT05,PT
0.856949,0.247226,0.562264,0.8894,0.0,0.195313,0.0,0.0,0.0,0.0,S1PT05,PT
0.856949,0.247226,0.0,0.8894,0.0,0.283652,0.0,0.0,0.0,0.0,S1PT05,PT
0.0,0.0,0.0,0.0,0.909058,0.0,0.0,0.0,0.0,0.0,S1PT02,PT
0.563142,0.0,0.0,0.0,0.743706,0.967667,0.0,0.0520412,0.598944,0.376064,S1PT02,PT
0.0,0.0,0.0,0.612383,0.407956,0.0,0.0,0.0,0.838294,0.0,S1PT02,PT
0.281571,0.0,0.0,0.0,0.826382,0.483833,0.0,0.0260206,0.299472,0.188032,S1PT02,PT
0.0,0.0,0.0,0.0,0.909058,0.0,0.0,0.0,0.0,0.0,S1PT02,PT
0.563142,0.0,0.0,0.0,0.909058,0.967667,0.0,0.0520412,0.598944,0.376064,S1PT02,PT
0.0,0.0,0.0,0.0,0.909058,0.0,0.0,0.0,0.0,0.0,S1PT02,PT
0.0,0.0275366,0.14434,0.0,0.0,0.0,0.0635603,0.0,0.0,0.0,S1PT02,PT
0.0,0.640603,0.0,0.0,0.0,0.0,0.0,0.0,0.0,0.0,S1PT02,PT
0.187714,0.0,0.0,0.204128,0.686907,0.322556,0.0,0.0173471,0.479079,0.125355,S1PT02,PT
0.0,0.0,0.146206,0.0,0.0,0.0,0.0,0.0,0.0,0.0,S1PT02,PT
0.0,0.0,0.0,0.612383,0.909058,0.0,0.0,0.0,0.838294,0.0,S1PT02,PT
0.0,0.0,0.0,0.0,0.0,0.0,0.0,0.0,0.0,0.0,S1PT02,PT
0.103243,0.0668139,0.0290547,0.0816511,0.514952,0.177406,0.00635603,0.0095409,0.221579,0.068945,S1PT02,PT
0.0,0.0,0.0,0.612383,0.909058,0.0,0.0,0.0,0.838294,0.0,S1PT02,PT
0.0,0.640603,0.0,0.0,0.909058,0.0965447,0.0,0.0,0.0,0.0,S1PT02,PT
0.0,0.0,0.0,0.0,0.0,0.0,0.0,0.0,0.0,0.0,S1PT02,PT
0.0258107,0.176854,0.00726367,0.173509,0.583267,0.0684876,0.00158901,0.00238522,0.264968,0.0172363,S1PT02,PT
0.0,0.640603,0.0,0.970453,0.0,0.0,0.0,0.0,0.0,0.0,S1PT02,PT
0.0,0.0,0.0,0.0,0.909058,0.0,0.0,0.0,0.838294,0.0,S1PT02,PT
0.0,0.640603,0.0,0.0,0.909058,0.0965447,0.0,0.0,0.0,0.0,S1PT02,PT
0.0129053,0.0884271,0.00363183,0.0867543,0.746163,0.0342438,0.000794503,0.00119261,0.551631,0.00861813,S1PT02,PT
0.00645267,0.364515,0.00181592,0.28599,0.600346,0.0412581,0.000397252,0.000596306,0.275815,0.00430906,S1PT02,PT
0.0,0.640603,0.0,0.0,0.909058,0.0965447,0.0,0.0,0.838294,0.0,S1PT02,PT
0.0258107,0.640603,0.0,0.970453,0.80464,0.0,0.00158901,0.0,0.927478,0.0,S1PT02,PT
0.0,0.640603,0.0,0.970453,0.0,0.0,0.0,0.0,0.0,0.0172363,S1PT02,PT
0.0,0.0,0.0,0.0,0.0,0.0,0.0,0.0,0.0,0.0,S1PT02,PT
0.0258107,0.640603,0.0,0.970453,0.80464,0.0,0.00158901,0.0,0.927478,0.0,S1PT02,PT
0.0129053,0.640603,0.0,0.485227,0.856849,0.0482723,0.000794503,0.0,0.882886,0.0,S1PT02,PT
0.00645267,0.640603,0.00181592,0.28599,0.0,0.0412581,0.000397252,0.0,0.275815,0.0172363,S1PT02,PT
0.00752811,0.395792,0.000907959,0.385609,0.510034,0.0286744,0.00046346,0.000298153,0.432203,0.00502724,S1PT02,PT
0.0,0.0,0.0,0.0,0.0,0.0,0.906892,0.0,0.0616819,0.0,S1PT02,PT
0.0,0.0,0.0,0.0,0.0,0.0,0.00158901,0.0,0.0,0.0,S1PT02,PT
0.0,0.0,0.00181592,0.0,0.600346,0.0412581,0.000397252,0.0,0.846454,0.00430906,S1PT02,PT
0.00752811,0.331086,0.000648542,0.303897,0.395981,0.0227804,0.130303,4.25933e-05,0.489503,0.00379608,S1PT02,PT
0.00322633,0.320301,0.000907959,0.142995,0.0,0.020629,0.000993129,0.0,0.137908,0.00861813,S1PT02,PT
0.0,0.0,0.0,0.0,0.80464,0.212251,0.00158901,0.0,0.0,0.0,S1PT02,PT
0.0,0.395792,0.0,0.0,0.0,0.0,0.906892,0.0,0.0616819,0.0,S1PT02,PT
0.0,0.0,0.0,0.0,0.0,0.0,0.00158901,0.0,0.0,0.0,S1PT02,PT
0.0,0.395792,0.0,0.00660516,0.0,0.0,0.906892,0.616795,0.0616819,0.0,S1PT02,PT
0.0,0.0,0.935324,0.0,0.0,0.0,0.453512,0.0,0.0,0.0,S1PT02,PT
0.00161317,0.160151,0.000453979,0.0714976,0.40232,0.11644,0.00129107,0.0,0.0689539,0.00430906,S1PT02,PT
0.00215089,0.209436,0.0003113,0.0893784,0.240124,0.051132,0.208273,8.51866e-06,0.137818,0.00248284,S1PT02,PT
0.0,0.0,0.37954,0.0,0.0,0.0,0.00158901,0.0,0.0,0.0,S1PT02,PT
0.0,0.0,0.0,0.0,0.80464,0.212251,0.00158901,0.0,0.0,0.0,S1PT02,PT
0.00322633,0.374886,0.0,0.142995,0.0,0.0,0.00158901,0.0,0.0,0.00861813,S1PT02,PT
0.0,0.0,0.0,0.0,0.0,0.0,0.0,0.0,0.0,0.0,S1PT24,PT
0.459817,0.0,0.91681,0.0,0.0,0.0,0.73379,0.0,0.0,0.0,S1PT24,PT
0.0,0.0,0.0,0.543275,0.0,0.0,0.0,0.0,0.0,0.0,S1PT24,PT
0.944046,0.0,0.0,0.0,0.0,0.0,0.0,0.0,0.0,0.0,S1PT24,PT
0.0,0.0,0.0,0.0,0.680491,0.445633,0.0,0.0,0.0,0.0,S1PT24,PT
0.472023,0.0,0.0,0.271638,0.0,0.0,0.0,0.0,0.0,0.0,S1PT24,PT
0.0,0.0,0.0,0.543275,0.0,0.0,0.0,0.0,0.0,0.0,S1PT24,PT
0.944046,0.0,0.91681,0.0,0.0,0.0,0.73379,0.0,0.0,0.24689,S1PT24,PT
0.350966,0.0,0.229203,0.135819,0.0,0.0,0.183448,0.0,0.0,0.0,S1PT24,PT
0.0,0.0,0.0,0.0,0.687428,0.0,0.0,0.0,0.0,0.0,S1PT24,PT
0.944046,0.0,0.91681,0.0,0.0,0.0,0.73379,0.0,0.0,0.24689,S1PT24,PT
0.350966,0.0,0.0659015,0.135819,0.0,0.0,0.183448,0.0,0.0,0.0,S1PT24,PT
0.944046,0.0,0.91681,0.0,0.0,0.0,0.73379,0.0,0.0,0.24689,S1PT24,PT
0.353407,0.0,0.229203,0.190146,0.136098,0.0891267,0.183448,0.0,0.0,0.049378,S1PT24,PT
0.350966,0.0,0.0659015,0.135819,0.0,0.0,0.183448,0.0,0.0,0.0,S1PT24,PT
0.350966,0.0,0.254045,0.190146,0.0,0.0891267,0.183448,0.0,0.0,0.0,S1PT24,PT
0.966771,0.0,0.91681,0.0,0.687428,0.0,0.500019,0.0,0.0,0.0,S1PT24,PT
0.944046,0.0,0.0659015,0.0,0.0,0.0,0.183448,0.0,0.0,0.0,S1PT24,PT
0.944046,0.747597,0.91681,0.0,0.0,0.0,0.73379,0.0,0.0,0.24689,S1PT24,PT
0.518493,0.0,0.425745,0.065193,0.164705,0.0178253,0.366895,0.0,0.0,0.108632,S1PT24,PT
0.518493,0.0,0.425745,0.065193,0.164705,0.0178253,0.183448,0.0,0.0,0.108632,S1PT24,PT
0.944046,0.0,0.91681,0.0,0.687428,0.0,0.500019,0.0,0.0,0.24689,S1PT24,PT
0.679214,0.124599,0.440869,0.065193,0.142022,0.0178253,0.358508,0.0,0.0,0.0592536,S1PT24,PT
0.966771,0.0,0.91681,0.0,0.687428,0.0,0.500019,0.0,0.0,0.0,S1PT24,PT
0.955408,0.0,0.491356,0.0,0.343714,0.0,0.341733,0.0,0.0,0.0,S1PT24,PT
0.812787,0.0249199,0.638318,0.0260772,0.40506,0.00713013,0.376745,0.0,0.0,0.0829551,S1PT24,PT
0.817311,0.0622997,0.466112,0.0325965,0.242868,0.00891267,0.350121,0.0,0.0,0.0296268,S1PT24,PT
0.955408,0.0,0.491356,0.0,0.343714,0.0,0.341733,0.0,0.0,0.0,S1PT24,PT
0.966771,0.0,0.425745,0.0,0.164705,0.0178253,0.183448,0.0,0.0,0.472107,S1PT24,PT
0.966771,0.0,0.91681,0.065193,0.687428,0.0178253,0.183448,0.0,0.0,0.108632,S1PT24,PT
0.96109,0.0,0.45855,0.0,0.25421,0.00891267,0.26259,0.0,0.0,0.236053,S1PT24,PT
0.90381,0.0174439,0.587668,0.0247733,0.368755,0.0103387,0.287099,0.0,0.0,0.138664,S1PT24,PT
0.817311,0.0,0.425745,0.0,0.164705,0.295656,0.995171,0.0,0.0,0.472107,S1PT24,PT
0.955408,0.0,0.638318,0.0,0.343714,0.0,0.341733,0.0,0.245843,0.0,S1PT24,PT
0.0,0.0,0.0,0.835731,0.0,0.0,0.0,0.0,0.521264,0.0,S1PT24,PT
0.955408,0.0,0.491356,0.0,0.343714,0.0,0.341733,0.0,0.0,0.0,S1PT24,PT
0.96109,0.0,0.45855,0.0,0.25421,0.00891267,0.26259,0.0,0.245843,0.236053,S1PT24,PT
0.955408,0.0,0.976339,0.0329829,0.343714,0.0,0.341733,0.0,0.0,0.0,S1PT24,PT
0.955408,0.0,0.638318,0.0,0.343714,0.0,0.341733,0.0,0.245843,0.0,S1PT24,PT
0.765505,0.00290732,0.433606,0.143417,0.24585,0.0524845,0.371388,0.0,0.127851,0.141137,S1PT24,PT
0.90381,0.0,0.587668,0.0247733,0.0,0.0103387,0.528257,0.0,0.0,0.138664,S1PT24,PT
0.88636,0.0,0.532031,0.0,0.25421,0.147828,0.668452,0.0,0.122922,0.236053,S1PT24,PT
0.0,0.0,0.0,0.261711,0.0,0.510929,0.0,0.0,0.0,0.0,S1HC14,HC
0.0,0.657447,0.0,0.0,0.0,0.0,0.0,0.0,0.0,0.551461,S1HC14,HC
0.0,0.0,0.0,0.0,0.922015,0.510929,0.0,0.0,0.0,0.0,S1HC14,HC
0.0,0.328724,0.0,0.130856,0.0,0.255465,0.0,0.0,0.0,0.27573,S1HC14,HC
0.0,0.657447,0.0,0.0,0.0,0.0,0.0,0.0,0.0,0.551461,S1HC14,HC
0.0,0.118913,0.0,0.0,0.922015,0.510929,0.0,0.0,0.0,0.0,S1HC14,HC
0.0,0.657447,0.0,0.0,0.0,0.0,0.0,0.0,0.0,0.121965,S1HC14,HC
0.0,0.328724,0.0,0.0436186,0.307338,0.255465,0.0,0.0,0.0,0.27573,S1HC14,HC
0.0,0.657447,0.0,0.0,0.0,0.0,0.0,0.0,0.0,0.121965,S1HC14,HC
0.0,0.328724,0.0,0.0436186,0.0,0.255465,0.395633,0.0,0.0,0.27573,S1HC14,HC
0.0,0.328724,0.0,0.0436186,0.0,0.255465,0.618593,0.0,0.0,0.27573,S1HC14,HC
0.0,0.493086,0.0,0.0218093,0.0,0.127732,0.197817,0.0,0.0,0.198848,S1HC14,HC
0.0,0.493086,0.0,0.0218093,0.0,0.127732,0.197817,0.0,0.0,0.198848,S1HC14,HC
0.0,0.328724,0.0,0.0436186,0.0,0.255465,0.347655,0.0,0.0,0.881935,S1HC14,HC
0.0,0.410905,0.0,0.0327139,0.0,0.191599,0.272736,0.0,0.0,0.540391,S1HC14,HC
0.0,0.493086,0.0,0.0218093,0.0,0.127732,0.197817,0.0,0.0,0.198848,S1HC14,HC
0.0,0.410905,0.0,0.0327139,0.0,0.191599,0.272736,0.0,0.0,0.540391,S1HC14,HC
0.0,0.493086,0.0,0.0218093,0.0,0.077106,0.197817,0.0,0.0,0.198848,S1HC14,HC
0.0,0.39853,0.0,0.0327139,0.0,0.127732,0.272736,0.0,0.0,0.540391,S1HC14,HC
0.0,0.493086,0.0,0.0218093,0.0,0.127732,0.197817,0.0,0.0,0.198848,S1HC14,HC
0.0,0.451995,0.0,0.0272616,0.0,0.159665,0.235276,0.0,0.0,0.36962,S1HC14,HC
0.0,0.739116,0.0,0.0,0.0585351,0.0,0.0,0.557484,0.0,0.0,S1HC01,HC
0.947349,0.0,0.0,0.0,0.0,0.0,0.0,0.0,0.0,0.0,S1HC01,HC
0.473675,0.369558,0.0,0.0,0.0292675,0.0,0.0,0.278742,0.0,0.0,S1HC01,HC
0.947349,0.0,0.0,0.0,0.0,0.0,0.0,0.557484,0.218545,0.0,S1HC01,HC
0.947349,0.0,0.0,0.557448,0.0,0.0,0.0,0.557484,0.0,0.0,S1HC01,HC
0.0,0.739116,0.0,0.0,0.0,0.0,0.0,0.0,0.0,0.0,S1HC01,HC
0.0,0.739116,0.0,0.0,0.0585351,0.0,0.0,0.557484,0.0,0.0,S1HC01,HC
0.473675,0.369558,0.0,0.11149,0.0175605,0.0,0.0,0.390239,0.043709,0.0,S1HC01,HC
0.947349,0.369558,0.0127566,0.0,0.0292675,0.0,0.0,0.278742,0.0,0.0,S1HC01,HC
0.0,0.739116,0.0,0.0,0.0585351,0.0,0.0,0.557484,0.0,0.0,S1HC01,HC
0.0,0.739116,0.0,0.0,0.0585351,0.0,0.0,0.61236,0.0,0.0,S1HC01,HC
0.0,0.0,0.0,0.571794,0.0,0.0,0.0446298,0.363408,0.626253,0.0,S1HC01,HC
0.0,0.0,0.556381,0.0,0.0,0.0,0.0,0.0,0.0,0.0,S1HC01,HC
0.0,0.739116,0.0,0.0,0.0585351,0.0,0.0,0.61236,0.0,0.0,S1HC01,HC
0.0,0.739116,0.0,0.0,0.0585351,0.0,0.0,0.252263,0.626253,0.0,S1HC01,HC
0.947349,0.369558,0.0127566,0.0,0.0292675,0.0,0.0,0.278742,0.0,0.0,S1HC01,HC
0.0,0.0,0.0,0.571794,0.0,0.0,0.0446298,0.557484,0.626253,0.0,S1HC01,HC
0.236837,0.369558,0.0948563,0.113881,0.0273164,0.0,0.00743831,0.367039,0.11166,0.0,S1HC01,HC
0.0,0.739116,0.0,0.571794,0.0585351,0.0,0.0,0.61236,0.0,0.0,S1HC01,HC
0.947349,0.369558,0.0127566,0.0,0.0292675,0.0,0.0,0.278742,0.0,0.0,S1HC01,HC
0.947349,0.369558,0.0127566,0.0,0.0273164,0.0,0.0,0.870896,0.0,0.0,S1HC01,HC
0.0,0.369558,0.0,0.803612,0.0,0.0,0.00743831,0.557484,0.626253,0.0,S1HC01,HC
0.236837,0.443469,0.0215226,0.137135,0.0347308,0.0,0.0104136,0.413577,0.272833,0.0,S1HC01,HC
0.473675,0.554337,0.00637828,0.0,0.0439013,0.0,0.0,0.445551,0.0,0.0,S1HC01,HC
0.947349,0.369558,0.888093,0.0,0.0585351,0.0,0.0,0.149373,0.0,0.0,S1HC01,HC
0.473675,0.554337,0.00637828,0.285897,0.0429257,0.0,0.0,0.741628,0.0,0.0,S1HC01,HC
0.947349,0.369558,0.0127566,0.0,0.0273164,0.0,0.0,0.870896,0.0,0.0,S1HC01,HC
0.434202,0.474266,0.00890233,0.25209,0.0322919,0.0,0.00297532,0.529768,0.149848,0.0,S1HC01,HC
0.947349,0.554337,0.00637828,0.285897,0.0429257,0.0,0.749057,0.741628,0.0,0.0,S1HC01,HC
0.947349,0.369558,0.0127566,0.0,0.0273164,0.0,0.654925,0.870896,0.0,0.0,S1HC01,HC
0.947349,0.369558,0.888093,0.0,0.0585351,0.0,0.0,0.149373,0.0,0.0,S1HC01,HC
0.434202,0.0655179,0.888093,0.0,0.0322919,0.0,0.0,0.149373,0.0,0.0,S1HC01,HC
0.947349,0.369558,0.450425,0.0,0.0429257,0.0,0.0,0.510134,0.0,0.0,S1HC01,HC
0.700644,0.44193,0.229033,0.134497,0.0402673,0.0,0.000743831,0.572916,0.0374619,0.0,S1HC01,HC
0.700644,0.44193,0.229033,0.134497,0.0402673,0.0,0.000743831,0.572916,0.0374619,0.0,S1HC01,HC
0.700644,0.44193,0.229033,0.134497,0.0402673,0.0,0.000743831,0.572916,0.0374619,0.0,S1HC01,HC
0.820707,0.361743,0.412463,0.0700656,0.0407103,0.0,0.234121,0.499053,0.00624366,0.0,S1HC01,HC
0.947349,0.42235,0.450425,0.285897,0.0429257,0.0,0.0,0.510134,0.0,0.0,S1HC01,HC
0.567423,0.253724,0.558563,0.0672484,0.0362796,0.0,0.000371915,0.361144,0.018731,0.0,S1HC01,HC
0.947349,0.369558,0.0127566,0.0,0.0273164,0.0,0.654925,0.870896,0.0,0.0,S1HC01,HC
0.0,0.0,0.0,0.536524,0.258069,0.0,0.0,0.0,0.0,0.0,S1HC09,HC
0.0,0.0,0.961634,0.0,0.635765,0.090509,0.0,0.0,0.0,0.0,S1HC09,HC
0.0,0.0,0.0,0.0,0.0649583,0.0,0.0,0.797405,0.0,0.0,S1HC09,HC
0.0,0.0,0.0,0.0,0.0,0.0,0.0,0.0,0.0,0.0,S1HC09,HC
0.0,0.0,0.0,0.0,0.0,0.0,0.0,0.0,0.524866,0.0,S1HC09,HC
0.0,0.0,0.320545,0.178841,0.319597,0.0301697,0.0,0.265802,0.0,0.0,S1HC09,HC
0.0,0.0,0.0,0.0,0.0,0.0,0.0,0.0,0.0,0.0,S1HC09,HC
0.0,0.0,0.0,0.0,0.0,0.0301697,0.0,0.0,0.0,0.0,S1HC09,HC
0.117523,0.0,0.0,0.0,0.0,0.0,0.0,0.0,0.524866,0.0,S1HC09,HC
0.0,0.0,0.0801362,0.0447103,0.0798994,0.00754242,0.0,0.0664504,0.131216,0.0,S1HC09,HC
0.0,0.0,0.0,0.0,0.0,0.0,0.0,0.0,0.0,0.0,S1HC09,HC
0.0,0.18528,0.0,0.0,0.0,0.0,0.0,0.0,0.0,0.25659,S1HC09,HC
0.0,0.0,0.0,0.0,0.0,0.0,0.0,0.0,0.0,0.0,S1HC09,HC
0.0,0.18528,0.0,0.0447103,0.0,0.00754242,0.0,0.0664504,0.0,0.0,S1HC09,HC
0.0,0.0134436,0.914725,0.0,0.0,0.011139,0.0,0.270831,0.0,0.0,S1HC09,HC
0.0,0.0140402,0.0,0.0,0.0,0.0,0.0,0.0,0.0,0.0,S1HC09,HC
0.0,0.0,0.0801362,0.0447103,0.0798994,0.00754242,0.0,0.0,0.131216,0.0,S1HC09,HC
0.0,0.0,0.0,0.0,0.0,0.0,0.0,0.0,0.0,0.0,S1HC09,HC
0.0,0.0,0.0,0.0,0.0,0.0,0.0,0.0,0.0,0.0,S1HC09,HC
0.0,0.0425528,0.198972,0.0178841,0.0159799,0.00524478,0.0,0.0674562,0.0262433,0.0,S1HC09,HC
0.0,0.0140402,0.587312,0.0,0.0,0.0,0.0,0.0,0.0,0.0,S1HC09,HC
0.568282,0.18528,0.0801362,0.0447103,0.0,0.00754242,0.0,0.0664504,0.0,0.0,S1HC09,HC
0.0,0.0,0.0,0.865332,0.0,0.162956,0.0,0.0,0.0,0.0,S1HC09,HC
0.0,0.0,0.0,0.0,0.0798994,0.0,0.0,0.0,0.0,0.0,S1HC09,HC
0.0,0.0,0.0,0.0,0.0,0.0,0.0,0.908288,0.418637,0.0,S1HC09,HC
0.0,0.0,0.0,0.0,0.396326,0.567238,0.0,0.0,0.0,0.229969,S1HC09,HC
0.0,0.0067218,0.457363,0.0,0.0,0.00556952,0.0,0.135415,0.0,0.0,S1HC09,HC
0.568282,0.18528,0.25557,0.0,0.0,0.00556952,0.0,0.135415,0.0,0.0,S1HC09,HC
0.0,0.0,0.0,0.865332,0.0,0.162956,0.0,0.0,0.0,0.0,S1HC09,HC
0.284141,0.0926402,0.0400681,0.455021,0.0,0.0852493,0.0,0.0332252,0.0,0.0,S1HC09,HC
0.42321,0.0425528,0.198972,0.0178841,0.0159799,0.0,0.0,0.0674562,0.0,0.0,S1HC09,HC
0.0,0.0,0.587312,0.0,0.0798994,0.0,0.0,0.00312905,0.0,0.0,S1HC09,HC
0.0631425,0.0276217,0.147087,0.103103,0.0546895,0.0831723,0.0,0.130846,0.0494312,0.0255522,S1HC09,HC
0.0421718,0.0,0.0,0.55259,0.0,0.0,0.0,0.0,0.0,0.0,S1HC09,HC
0.223129,0.0580159,0.204835,0.240223,0.0250948,0.0561579,0.0,0.0616786,0.00823853,0.00425869,S1HC09,HC
0.568282,0.18528,0.25557,0.0,0.0,0.00556952,0.0,0.135415,0.0,0.0,S1HC09,HC
0.568282,0.0,0.573667,0.0,0.0798994,0.00556952,0.0,0.135415,0.0,0.0,S1HC09,HC
0.284141,0.0926402,0.421441,0.0,0.0399497,0.00278476,0.0,0.0692722,0.0,0.0,S1HC09,HC
0.284141,0.0580159,0.204835,0.240223,0.0399497,0.0561579,0.0,0.0616786,0.00823853,0.0,S1HC09,HC
0.395706,0.0290079,0.389251,0.120112,0.0524971,0.0308637,0.0,0.0985469,0.00411926,0.00212935,S1HC09,HC
0.568282,0.0,0.573667,0.0,0.0798994,0.00556952,0.0,0.135415,0.0,0.0,S1HC09,HC
0.0,0.0,0.288143,0.0,0.987686,0.0,0.780312,0.850344,0.0,0.0,S1PT17,PT
0.0,0.954057,0.0,0.0,0.341569,0.0,0.0,0.0,0.0,0.156745,S1PT17,PT
0.0,0.0,0.0,0.469468,0.0,0.0,0.245076,0.0,0.0,0.0,S1PT17,PT
0.0,0.0,0.164475,0.0,0.0,0.0,0.0,0.222411,0.0,0.0,S1PT17,PT
0.592872,0.0,0.0,0.0,0.0,0.0,0.0,0.0,0.0,0.0,S1PT17,PT
0.0,0.954057,0.0,0.0,0.341569,0.0,0.0,0.0,0.0,0.156745,S1PT17,PT
0.0,0.0,0.0,0.0,0.0,0.0,0.0,0.87712,0.0,0.0,S1PT17,PT
0.0,0.954057,0.0,0.0,0.341569,0.0,0.0,0.0,0.0,0.156745,S1PT17,PT
0.0,0.954057,0.164475,0.0,0.818436,0.0,0.0,0.222411,0.0,0.156745,S1PT17,PT
0.0,0.954057,0.0,0.0,0.341569,0.0,0.0,0.0,0.0,0.156745,S1PT17,PT
0.481534,0.954057,0.164475,0.690502,0.818436,0.0,0.0,0.222411,0.0,0.156745,S1PT17,PT
0.0,0.954057,0.0,0.0,0.818436,0.0,0.0,0.0,0.0,0.156745,S1PT17,PT
0.0,0.954057,0.164475,0.0,0.495521,0.0,0.0,0.0,0.0,0.156745,S1PT17,PT
0.481534,0.954057,0.164475,0.690502,0.818436,0.0,0.0,0.222411,0.0,0.156745,S1PT17,PT
0.481534,0.954057,0.164475,0.0,0.818436,0.0,0.0,0.0,0.0,0.156745,S1PT17,PT
0.240767,0.954057,0.164475,0.345251,0.656979,0.0,0.0,0.111206,0.0,0.156745,S1PT17,PT
0.481534,0.954057,0.164475,0.345251,0.818436,0.0,0.0,0.111206,0.0,0.156745,S1PT17,PT
0.481534,0.954057,0.164475,0.690502,0.818436,0.0,0.0,0.222411,0.0,0.156745,S1PT17,PT
0.589481,0.0,0.0,0.0,0.0,0.205466,0.0,0.0,0.0,0.0,S1PT17,PT
0.589481,0.0,0.0,0.0,0.0,0.205466,0.0,0.0,0.94504,0.0,S1PT17,PT
0.517516,0.636038,0.10965,0.345251,0.545624,0.0684886,0.0,0.111206,0.0,0.104496,S1PT17,PT
0.481534,0.954057,0.164475,0.345251,0.818436,0.0,0.0,0.111206,0.0,0.156745,S1PT17,PT
0.0,0.325633,0.0,0.0,0.0,0.0,0.0,0.549865,0.0,0.362582,S1PT17,PT
0.553499,0.318019,0.054825,0.172625,0.272812,0.136977,0.0,0.0556028,0.47252,0.0522482,S1PT17,PT
0.517516,0.636038,0.10965,0.345251,0.545624,0.0684886,0.0,0.111206,0.0,0.104496,S1PT17,PT
