lftCnrPul,lftCnrRas,lftMthStr,rgtInrBrwRas,lftLwrLidTgt,lftUprLipSk,lftDmplr,lftLwrLipDep,lftLwrLidRas,lftChkRas,ID,Group
0.457317,0.0,0.0,0.0,0.0,0.0,0.0,0.722306,0.0,0.0,S1PT06,PT
0.0,0.0,0.0,0.0,0.0,0.183572,0.0,0.0,0.0,0.0,S1PT06,PT
0.457317,0.0,0.0,0.0,0.0,0.0,0.0,0.722306,0.0,0.0,S1PT06,PT
0.457317,0.0,0.0,0.0,0.0,0.0,0.0,0.722306,0.0,0.0,S1PT06,PT
0.457317,0.0,0.0,0.0,0.0,0.0,0.0,0.0,0.0,0.0,S1PT06,PT
0.457317,0.0,0.0,0.0,0.0,0.0,0.0,0.722306,0.0,0.0,S1PT06,PT
0.457317,0.0,0.0,0.0,0.0,0.0,0.0,0.722306,0.480499,0.0,S1PT06,PT
0.457317,0.0,0.0,0.0,0.0,0.0,0.0,0.722306,0.0,0.0,S1PT06,PT
0.0,0.0674045,0.0,0.659371,0.0,0.0,0.0,0.0,0.818162,0.0,S1PT06,PT
0.457317,0.0,0.0,0.0,0.0,0.0,0.0,0.577845,0.0960998,0.0,S1PT06,PT
0.304878,0.0224682,0.0,0.21979,0.0,0.0,0.0,0.433384,0.304754,0.0,S1PT06,PT
0.457317,0.841268,0.0,0.659371,0.0,0.0,0.0,0.577845,0.0960998,0.273319,S1PT06,PT
0.457317,0.0,0.0,0.0,0.0,0.0,0.0,0.577845,0.0960998,0.0,S1PT06,PT
0.457317,0.0,0.0,0.0,0.964818,0.0,0.0,0.577845,0.0960998,0.0,S1PT06,PT
0.381098,0.431868,0.0,0.439581,0.0,0.0,0.0,0.505614,0.200427,0.13666,S1PT06,PT
0.457317,0.354467,0.0,0.0,0.0,0.0,0.0,0.454052,0.0960998,0.0,S1PT06,PT
0.457317,0.841268,0.0,0.659371,0.0,0.0,0.0,0.577845,0.0960998,0.273319,S1PT06,PT
0.419208,0.215934,0.0,0.21979,0.241205,0.0,0.0,0.54173,0.148263,0.0683298,S1PT06,PT
0.457317,0.841268,0.0,0.659371,0.964818,0.0,0.0,0.577845,0.0960998,0.0,S1PT06,PT
0.457317,0.841268,0.0,0.659371,0.0,0.0,0.0,0.577845,0.0960998,0.273319,S1PT06,PT
0.457317,0.841268,0.0,0.659371,0.482409,0.0,0.0,0.577845,0.0960998,0.13666,S1PT06,PT
0.438262,0.587679,0.0,0.439581,0.201004,0.0,0.0,0.539155,0.122182,0.125271,S1PT06,PT
0.457317,0.841268,0.0,0.659371,0.0,0.0,0.0,0.577845,0.0960998,0.273319,S1PT06,PT
0.457317,0.841268,0.0,0.659371,0.241205,0.0,0.0,0.577845,0.0960998,0.204989,S1PT06,PT
0.438262,0.587679,0.0,0.659371,0.201004,0.0,0.0,0.539155,0.0960998,0.125271,S1PT06,PT
0.457317,0.437796,0.0,0.659371,0.482409,0.0,0.0,0.577845,0.0960998,0.273319,S1PT06,PT
0.450966,0.756739,0.0,0.586108,0.227804,0.0,0.0,0.564949,0.104794,0.178417,S1PT06,PT
0.457317,0.841268,0.0,0.659371,0.0,0.0,0.0,0.577845,0.0960998,0.273319,S1PT06,PT
0.457317,0.841268,0.0,0.659371,0.0,0.0,0.0,0.577845,0.0960998,0.273319,S1PT06,PT
0.457317,0.437796,0.0,0.659371,0.241205,0.0,0.0,0.577845,0.0960998,0.204989,S1PT06,PT
0.452236,0.69295,0.0,0.644719,0.230484,0.0,0.0,0.567528,0.0978385,0.211063,S1PT06,PT
0.454141,0.799004,0.0,0.62274,0.113902,0.0,0.0,0.571397,0.100447,0.225868,S1PT06,PT
0.0,0.958544,0.0,0.969827,0.0,0.0,0.240076,0.0,0.789297,0.0,S1PT28,PT
0.0,0.245553,0.418493,0.0,0.0,0.0,0.0,0.0,0.0,0.545699,S1PT28,PT
0.0,0.958544,0.418493,0.969827,0.0,0.0,0.240076,0.0,0.0,0.0,S1PT28,PT
0.0,0.0,0.449557,0.0,0.0,0.0,0.0,0.0,0.0,0.0,S1PT28,PT
0.0,0.958544,0.418493,0.0,0.0,0.0,0.0,0.0,0.0,0.545699,S1PT28,PT
0.0,0.245553,0.418493,0.0,0.0,0.0,0.0,0.0,0.0,0.545699,S1PT28,PT
0.0,0.958544,0.418493,0.0,0.0,0.0,0.0,0.0,0.0,0.545699,S1PT28,PT
0.0,0.54066,0.426259,0.242457,0.0,0.0,0.0600189,0.0,0.0,0.272849,S1PT28,PT
0.0,0.54066,0.426259,0.242457,0.0,0.293863,0.0,0.0,0.0,0.272849,S1PT28,PT
0.0,0.958544,0.418493,0.0,0.0,0.0,0.0,0.0,0.0,0.545699,S1PT28,PT
0.0,0.54066,0.426259,0.242457,0.0,0.0,0.0600189,0.0602773,0.0,0.272849,S1PT28,PT
0.0,0.749602,0.422376,0.121228,0.0,0.0,0.0300095,0.0301386,0.0,0.409274,S1PT28,PT
0.0,0.54066,0.426259,0.242457,0.0,0.293863,0.0,0.0602773,0.0,0.952063,S1PT28,PT
0.0,0.679955,0.42367,0.161638,0.0,0.0979542,0.0200063,0.0200924,0.0,0.363799,S1PT28,PT
0.0,0.958544,0.418493,0.0,0.0,0.0,0.0,0.0,0.0,0.545699,S1PT28,PT
0.891075,0.0,0.743888,0.0,0.0,0.0,0.0,0.0,0.332273,0.919169,S1PT28,PT
0.0,0.73219,0.422699,0.131331,0.0,0.0979542,0.0125039,0.0276271,0.0,0.567709,S1PT28,PT
0.0,0.54066,0.426259,0.242457,0.0,0.293863,0.0,0.0602773,0.0,0.952063,S1PT28,PT
0.0,0.958544,0.418493,0.0,0.0,0.252035,0.0,0.110513,0.0,0.545699,S1PT28,PT
0.891075,0.0,0.743888,0.0852384,0.0,0.0,0.0,0.110513,0.0,0.545699,S1PT28,PT
0.222769,0.557848,0.502835,0.0934469,0.0,0.160963,0.00312599,0.0496043,0.0830683,0.74616,S1PT28,PT
0.445537,0.27033,0.585073,0.121228,0.0,0.146931,0.0,0.0301386,0.166137,0.935616,S1PT28,PT
0.0,0.54066,0.426259,0.242457,0.0,0.293863,0.0125039,0.0602773,0.0,0.567709,S1PT28,PT
0.816705,0.0,0.0,0.0,0.0796141,0.0,0.0,0.551649,0.0,0.0,S1PT28,PT
0.222769,0.557848,0.502835,0.121228,0.0,0.160963,0.0,0.0496043,0.0830683,0.74616,S1PT28,PT
0.668306,0.135165,0.664481,0.103233,0.0,0.0734657,0.0,0.0703258,0.0830683,0.740658,S1PT28,PT
0.891075,0.0,0.743888,0.0852384,0.0,0.0,0.0,0.110513,0.0,0.545699,S1PT28,PT
0.891075,0.0,0.743888,0.856087,0.0,0.0,0.0,0.0602773,0.0,0.567709,S1PT28,PT
0.0,0.0,0.0,0.0,0.0,0.0,0.0,0.0,0.0,0.0,S1HC18,HC
0.0,0.0,0.0,0.0,0.0,0.411673,0.0,0.602611,0.0,0.0,S1HC18,HC
0.0,0.811161,0.0,0.0,0.0,0.411673,0.0,0.602611,0.0,0.0,S1HC18,HC
0.0,0.0,0.0,0.0,0.0,0.411673,0.0,0.0,0.0,0.0,S1HC18,HC
0.0,0.811161,0.0,0.0,0.0,0.411673,0.0,0.602611,0.0,0.0,S1HC18,HC
0.872817,0.0,0.0,0.0,0.0,0.0,0.121676,0.0,0.0,0.0,S1HC18,HC
0.872817,0.0,0.0,0.0,0.0,0.0,0.121676,0.0,0.0,0.0,S1HC18,HC
0.872817,0.0,0.0,0.0,0.0,0.411673,0.0,0.0,0.0,0.0,S1HC18,HC
0.872817,0.0,0.0,0.0,0.0,0.468262,0.121676,0.0,0.0,0.0,S1HC18,HC
0.872817,0.0,0.0,0.0,0.0,0.0,0.121676,0.671223,0.0,0.0,S1HC18,HC
0.872817,0.0,0.0,0.0,0.0,0.293312,0.0811176,0.0,0.0,0.0,S1HC18,HC
0.872817,0.0,0.0,0.0,0.0,0.146656,0.101397,0.335611,0.0,0.0,S1HC18,HC
0.872817,0.0,0.0,0.0,0.0,0.293312,0.0811176,0.0,0.0,0.0,S1HC18,HC
0.872817,0.0,0.0,0.0,0.0,0.0,0.121676,0.671223,0.0,0.55876,S1HC18,HC
0.872817,0.0,0.0,0.0,0.0,0.293312,0.0811176,0.0,0.0,0.0,S1HC18,HC
0.872817,0.0,0.0,0.0,0.0,0.146656,0.101397,0.335611,0.0,0.27938,S1HC18,HC
0.872817,0.0,0.0,0.0,0.0,0.146656,0.101397,0.335611,0.0,0.0,S1HC18,HC
0.872817,0.0,0.0,0.0,0.0,0.219984,0.0912573,0.167806,0.0,0.13969,S1HC18,HC
0.872817,0.0,0.140189,0.0,0.0,0.146656,0.101397,0.335611,0.0,0.0,S1HC18,HC
0.872817,0.0,0.0,0.0,0.0,0.195541,0.0946372,0.223741,0.0,0.0931267,S1HC18,HC
0.0,0.0,0.703237,0.896069,0.0,0.0,0.0,0.0,0.0,0.027522,S1HC23,HC
0.65238,0.0,0.0,0.0,0.0,0.0,0.0,0.0,0.0,0.0,S1HC23,HC
0.0,0.0,0.0,0.0,0.980894,0.291531,0.0,0.481216,0.0,0.0,S1HC23,HC
0.21746,0.0,0.234412,0.29869,0.326965,0.0971769,0.0,0.160405,0.0,0.00917401,S1HC23,HC
0.554618,0.0,0.713338,0.0,0.0,0.0,0.0,0.0,0.0,0.0,S1HC23,HC
0.0,0.0,0.0,0.0,0.897451,0.0,0.0,0.0,0.0,0.318423,S1HC23,HC
0.65238,0.0,0.0,0.0,0.0,0.0,0.0,0.0,0.0,0.0,S1HC23,HC
0.65238,0.0,0.0,0.0,0.0,0.0,0.0,0.481216,0.0,0.0,S1HC23,HC
0.32619,0.0,0.0,0.0,0.490447,0.145765,0.0,0.240608,0.0,0.0,S1HC23,HC
0.400505,0.0,0.157958,0.0497816,0.28581,0.0404904,0.0,0.147038,0.0,0.0545995,S1HC23,HC
0.21746,0.0,0.864933,0.29869,0.897451,0.0971769,0.0,0.160405,0.0,0.00917401,S1HC23,HC
0.21746,0.0,0.0,0.29869,0.897451,0.0971769,0.0,0.160405,0.0,0.00917401,S1HC23,HC
0.453067,0.0,0.0,0.0,0.0,0.0,0.0,0.0,0.0,0.0,S1HC23,HC
0.21746,0.0,0.234412,0.29869,0.326965,0.0971769,0.0,0.160405,0.0,0.00917401,S1HC23,HC
0.21746,0.0,0.864933,0.29869,0.897451,0.0971769,0.0,0.160405,0.0,0.00917401,S1HC23,HC
0.21746,0.0,0.0,0.330682,0.326965,0.0971769,0.0,0.160405,0.0,0.00917401,S1HC23,HC
0.0,0.0,0.825284,0.787023,0.0,0.0,0.0,0.0,0.0,0.0,S1HC23,HC
0.21746,0.0,0.234412,0.29869,0.326965,0.0971769,0.0,0.160405,0.0,0.00917401,S1HC23,HC
0.505579,0.0,0.864933,0.29869,0.119625,0.0971769,0.0,0.160405,0.0,0.00917401,S1HC23,HC
0.21746,0.0,0.0,0.330682,0.326965,0.0971769,0.0,0.160405,0.0,0.00917401,S1HC23,HC
0.333564,0.0,0.0,0.787023,0.326965,0.0,0.0,0.160405,0.0,0.00917401,S1HC23,HC
0.21746,0.0,0.432467,0.314686,0.612208,0.0971769,0.0,0.160405,0.0,0.00917401,S1HC23,HC
0.163095,0.0,0.481157,0.428771,0.387845,0.0728827,0.0,0.120304,0.0,0.00688051,S1HC23,HC
0.21746,0.667868,0.0,0.330682,0.326965,0.0971769,0.0,0.160405,0.0,0.00917401,S1HC23,HC
0.36152,0.0,0.432467,0.314686,0.223295,0.0971769,0.0,0.160405,0.0,0.00917401,S1HC23,HC
0.287432,0.0,0.355711,0.43197,0.354721,0.0728827,0.0,0.152385,0.0,0.00871531,S1HC23,HC
0.21746,0.0,0.0,0.330682,0.326965,0.0971769,0.0,0.160405,0.0,0.00917401,S1HC23,HC
0.505579,0.0,0.864933,0.29869,0.119625,0.0971769,0.820487,0.120304,0.0,0.00917401,S1HC23,HC
0.21746,0.0,0.0,0.314686,0.326965,0.0971769,0.0,0.160405,0.0,0.00917401,S1HC23,HC
0.21746,0.0,0.0,0.314686,0.326965,0.0971769,0.0,0.160405,0.0,0.00917401,S1HC23,HC
0.21746,0.0,0.0,0.322684,0.326965,0.0971769,0.0,0.160405,0.0,0.00917401,S1HC23,HC
0.301152,0.111311,0.275519,0.336899,0.279756,0.0931279,0.136748,0.152385,0.0,0.00909756,S1HC23,HC
0.287432,0.0,0.0,0.43197,0.326965,0.0728827,0.0,0.152385,0.0,0.00871531,S1HC23,HC
0.255876,0.0278278,0.0688796,0.35156,0.315162,0.0900911,0.034187,0.156395,0.0,0.00904023,S1HC23,HC
0.259306,0.0556557,0.137759,0.329791,0.30336,0.0951524,0.0683739,0.156395,0.0,0.00913579,S1HC23,HC
0.21746,0.0,0.0,0.298988,0.326965,0.0971769,0.0,0.160405,0.0,0.00917401,S1HC23,HC
0.21746,0.0,0.0,0.322684,0.326965,0.0971769,0.0,0.160405,0.0,0.00917401,S1HC23,HC
0.0,0.422986,0.329599,0.926557,0.0,0.0,0.0,0.0,0.601853,0.71235,S1PT13,PT
0.776966,0.0,0.0,0.0,0.208493,0.0,0.0,0.0,0.0,0.964581,S1PT13,PT
0.0,0.0,0.0,0.0,0.0,0.0,0.0,0.0,0.0,0.0,S1PT13,PT
0.184413,0.0,0.0,0.583814,0.0,0.0,0.0,0.0,0.0,0.0,S1PT13,PT
0.776966,0.0,0.0,0.0,0.208493,0.0,0.0,0.0,0.0,0.964581,S1PT13,PT
0.0,0.422986,0.329599,0.926557,0.0,0.0,0.0,0.0,0.0,0.71235,S1PT13,PT
0.776966,0.0,0.0,0.0,0.208493,0.0,0.0,0.0,0.0,0.964581,S1PT13,PT
0.620293,0.422986,0.329599,0.0,0.0,0.0,0.0,0.0,0.0,0.71235,S1PT13,PT
0.776966,0.0,0.0,0.0,0.208493,0.0,0.0,0.0,0.0,0.964581,S1PT13,PT
0.724742,0.140995,0.109866,0.0,0.138996,0.0,0.0,0.0,0.0,0.880504,S1PT13,PT
0.776966,0.422986,0.329599,0.0,0.0,0.0,0.0,0.0,0.0,0.964581,S1PT13,PT
0.620293,0.422986,0.329599,0.0,0.0,0.0,0.0,0.0,0.0,0.71235,S1PT13,PT
0.672517,0.281991,0.219733,0.0,0.0694978,0.0,0.0,0.0,0.0,0.796427,S1PT13,PT
0.724742,0.422986,0.109866,0.0,0.138996,0.0,0.0,0.0,0.0,0.880504,S1PT13,PT
0.707334,0.328989,0.256355,0.0,0.0463319,0.0,0.0,0.0,0.0,0.852478,S1PT13,PT
0.776966,0.422986,0.329599,0.0,0.0,0.0,0.0,0.0,0.0,0.964581,S1PT13,PT
0.707334,0.422986,0.256355,0.0,0.0463319,0.217588,0.0,0.0,0.0,0.852478,S1PT13,PT
0.72039,0.364238,0.228888,0.0,0.0637063,0.0,0.0,0.0,0.0,0.873498,S1PT13,PT
0.776966,0.281991,0.219733,0.117633,0.0694978,0.0,0.0,0.0,0.0,0.796427,S1PT13,PT
0.776966,0.422986,0.329599,0.0,0.0,0.0,0.0,0.0,0.0,0.964581,S1PT13,PT
0.750854,0.422986,0.219733,0.0,0.0694978,0.0,0.0,0.0,0.0,0.922542,S1PT13,PT
0.880975,0.422986,0.228888,0.0,0.0,0.0,0.0,0.0,0.0,0.873498,S1PT13,PT
0.750854,0.422986,0.329599,0.0,0.0,0.0,0.0,0.0,0.0,0.825745,S1PT13,PT
0.74215,0.352488,0.238044,0.0588163,0.0579148,0.108794,0.0,0.0,0.0,0.824453,S1PT13,PT
0.746502,0.383037,0.250861,0.0235265,0.0498067,0.0435176,0.0,0.0,0.0,0.881905,S1PT13,PT
0.707334,0.422986,0.256355,0.0,0.0463319,0.217588,0.0,0.0,0.0,0.852478,S1PT13,PT
0.746502,0.387737,0.283821,0.0294082,0.0289574,0.054397,0.0,0.0,0.0,0.825099,S1PT13,PT
0.74215,0.352488,0.238044,0.0588163,0.0579148,0.108794,0.0,0.0,0.0,0.824453,S1PT13,PT
0.765563,0.400897,0.260749,0.0164686,0.0308107,0.07398,0.0,0.0,0.0,0.851616,S1PT13,PT
0.74215,0.352488,0.238044,0.0588163,0.0579148,0.108794,0.0,0.0,0.0,0.824453,S1PT13,PT
0.0,0.0,0.0,0.0,0.0,0.0,0.0,0.0,0.034615,0.0,S1HC05,HC
0.0950832,0.952187,0.0,0.0,0.253,0.0,0.0,0.0,0.0,0.0,S1HC05,HC
0.0950832,0.952187,0.0,0.0,0.253,0.0,0.0,0.0,0.0,0.0,S1HC05,HC
0.0475416,0.476094,0.0,0.0,0.1265,0.0,0.0,0.0,0.0173075,0.0,S1HC05,HC
0.0,0.0,0.744581,0.0,0.533548,0.0,0.207717,0.0,0.0,0.0,S1HC05,HC
0.0950832,0.952187,0.0,0.0,0.253,0.0,0.0,0.0,0.0,0.0,S1HC05,HC
0.0475416,0.476094,0.248194,0.0,0.30435,0.0,0.0692389,0.0,0.00576917,0.0,S1HC05,HC
0.0475416,0.476094,0.248194,0.0,0.30435,0.0,0.0692389,0.458966,0.0,0.0,S1HC05,HC
0.0950832,0.476094,0.856943,0.0,0.253,0.0,0.0,0.0,0.0,0.0,S1HC05,HC
0.0950832,0.952187,0.0,0.0,0.253,0.0,0.0,0.0,0.0,0.0,S1HC05,HC
0.0950832,0.952187,0.0,0.0,0.253,0.0,0.0,0.0,0.0,0.0,S1HC05,HC
0.0950832,0.476094,0.856943,0.0,0.30435,0.0,0.0,0.458966,0.0,0.0,S1HC05,HC
0.390299,0.0,0.0,0.0,0.0,0.0,0.887738,0.0,0.0,0.0,S1HC05,HC
0.0713124,0.71414,0.124097,0.0,0.278675,0.0,0.0346194,0.229483,0.0,0.0,S1HC05,HC
0.0831978,0.71414,0.276284,0.0,0.265838,0.0,0.0173097,0.114742,0.0,0.0,S1HC05,HC
0.0950832,0.952187,0.0,0.0,0.253,0.0,0.0,0.0,0.0,0.0,S1HC05,HC
0.0475416,0.476094,0.248194,0.0,0.497999,0.0,0.0692389,0.458966,0.829611,0.0,S1HC05,HC
0.0950832,0.952187,0.0,0.554303,0.253,0.0,0.0,0.0,0.0,0.0,S1HC05,HC
0.0831978,0.71414,0.0,0.0,0.0,0.0,0.887738,0.114742,0.0,0.0,S1HC05,HC
0.0950832,0.952187,0.248194,0.0,0.497999,0.0,0.0692389,0.458966,0.0,0.0,S1HC05,HC
0.0950832,0.476094,0.856943,0.0,0.30435,0.0,0.0,0.149224,0.0,0.0,S1HC05,HC
0.0831978,0.595117,0.49052,0.0,0.291512,0.0,0.0173097,0.344225,0.0,0.0,S1HC05,HC
0.125372,0.61212,0.215074,0.0791862,0.264695,0.0,0.144129,0.180308,0.118516,0.0,S1HC05,HC
0.0950832,0.476094,0.856943,0.0,0.30435,0.0,0.0,0.458966,0.0,0.0,S1HC05,HC
0.0950832,0.476094,0.856943,0.0,0.30435,0.0,0.0,0.458966,0.0,0.0,S1HC05,HC
0.0,0.885181,0.0,0.0,0.0981438,0.0,0.0,0.0,0.0,0.174696,S1HC05,HC
0.0961695,0.637625,0.444612,0.0131977,0.277151,0.0,0.186403,0.284405,0.0197526,0.0,S1HC05,HC
0.0831978,0.952187,0.248194,0.0,0.497999,0.0,0.0692389,0.344225,0.0,0.0,S1HC05,HC
0.110227,0.544107,0.536008,0.0395931,0.284522,0.0,0.0720647,0.319637,0.0592579,0.0,S1HC05,HC
0.0831978,0.595117,0.856943,0.0,0.291512,0.0,0.0173097,0.344225,0.0,0.0,S1HC05,HC
0.0950832,0.476094,0.856943,0.0,0.30435,0.0,0.0,0.458966,0.0,0.0,S1HC05,HC
0.110227,0.544107,0.444612,0.0395931,0.277151,0.0,0.0720647,0.284405,0.0067348,0.0,S1HC05,HC
0.0831978,0.952187,0.856943,0.0,0.651238,0.0,0.0692389,0.344225,0.0,0.0,S1HC05,HC
0.110227,0.544107,0.536008,0.0395931,0.284522,0.0,0.0720647,0.319637,0.0592579,0.0,S1HC05,HC
0.102655,0.5101,0.696476,0.0197965,0.294436,0.0,0.0360324,0.389302,0.029629,0.0,S1HC05,HC
0.0779793,0.681719,0.49045,0.00879846,0.29228,0.0,0.0575027,0.29191,0.0131684,0.029116,S1HC05,HC
0.0,0.143017,0.0,0.0,0.0,0.0,0.312944,0.0,0.0,0.536784,S1HC02,HC
0.0,0.0,0.0,0.0,0.0,0.0,0.0,0.0,0.0,0.0,S1HC02,HC
0.0,0.0,0.0,0.0,0.102526,0.0,0.0,0.0,0.0,0.0,S1HC02,HC
0.0,0.0715085,0.0,0.0,0.0,0.0,0.156472,0.0,0.0,0.268392,S1HC02,HC
0.0,0.0,0.0,0.0,0.0,0.0,0.0,0.0,0.0,0.0,S1HC02,HC
0.0,0.0,0.0,0.0,0.0,0.52468,0.0,0.0,0.0,0.0,S1HC02,HC
0.0,0.0,0.0,0.0,0.102526,0.0,0.0,0.0,0.0,0.0,S1HC02,HC
0.0,0.19853,0.0,0.0,0.916441,0.0,0.460248,0.0,0.0,0.0,S1HC02,HC
0.0,0.0476723,0.0,0.0,0.0341754,0.0,0.104315,0.0,0.0,0.178928,S1HC02,HC
0.313817,0.0,0.0,0.0,0.569423,0.0,0.0,0.0,0.505618,0.0,S1HC02,HC
0.0,0.0529518,0.0,0.0,0.175524,0.0874467,0.120172,0.0,0.0,0.0745534,S1HC02,HC
0.0,0.7759,0.0,0.0,0.46293,0.612877,0.0,0.0,0.0,0.0,S1HC02,HC
0.104606,0.276284,0.0,0.0,0.402626,0.233441,0.0400575,0.0,0.168539,0.0248511,S1HC02,HC
0.0,0.7759,0.0,0.0,0.46293,0.612877,0.0,0.0,0.0,0.0,S1HC02,HC
0.140147,0.0,0.208091,0.311889,0.0,0.0,0.0,0.0,0.0,0.0,S1HC02,HC
0.0,0.7759,0.0,0.0,0.46293,0.612877,0.361152,0.0,0.0,0.0745534,S1HC02,HC
0.313817,0.0,0.0,0.0,0.569423,0.0,0.0695853,0.0,0.0,0.592967,S1HC02,HC
0.0,0.7759,0.0,0.0,0.46293,0.612877,0.361152,0.0,0.0,0.0745534,S1HC02,HC
0.140147,0.7759,0.208091,0.311889,0.46293,0.612877,0.0,0.0,0.0,0.0,S1HC02,HC
0.0,0.783569,0.0,0.0,0.0,0.794795,0.391197,0.0,0.27417,0.0,S1HC02,HC
0.111714,0.365617,0.0416182,0.0623777,0.379582,0.291839,0.0941589,0.0,0.0337079,0.138474,S1HC02,HC
0.0,0.0,0.0,0.0,0.803645,0.0,0.739506,0.0,0.0,0.0,S1HC02,HC
0.111714,0.7759,0.0416182,0.0623777,0.379582,0.291839,0.0941589,0.0,0.0,0.138474,S1HC02,HC
0.0503721,0.540197,0.0499419,0.0748533,0.421817,0.462478,0.317203,0.0,0.0615757,0.0426055,S1HC02,HC
0.0,0.0,0.0,0.10623,0.518763,0.0,0.321042,0.0,0.0,0.0,S1HC02,HC
0.0,0.0,0.0,0.0,0.0,0.0,0.0,0.0,0.0,0.572801,S1HC02,HC
0.140147,0.7759,0.208091,0.311889,0.46293,0.612877,0.0,0.0,0.0,0.0,S1HC02,HC
0.140147,0.7759,0.208091,0.311889,0.46293,0.612877,0.0,0.0,0.0,0.0,S1HC02,HC
0.845029,0.0,0.0,0.0,0.0,0.350487,0.0,0.0,0.0,0.0,S1HC02,HC
0.140147,0.7759,0.0,0.0,0.46293,0.867088,0.0,0.0,0.0,0.0,S1HC02,HC
0.0604465,0.4184,0.0599303,0.11107,0.356619,0.273439,0.146481,0.0,0.0123151,0.150776,S1HC02,HC
0.0700733,0.38795,0.104046,0.155944,0.231465,0.306439,0.0,0.0,0.0,0.2864,S1HC02,HC
0.251168,0.47163,0.0744134,0.115781,0.302789,0.482066,0.0292962,0.0,0.00246303,0.0874353,S1HC02,HC
0.845029,0.0,0.0,0.0,0.0,0.350487,0.0,0.0,0.00674276,0.0,S1HC02,HC
0.140147,0.7759,0.0,0.0,0.46293,0.867088,0.0,0.0,0.0,0.0,S1HC02,HC
0.492588,0.38795,0.0,0.0,0.231465,0.608788,0.0,0.0,0.0,0.0,S1HC02,HC
0.0,0.46287,0.0,0.0,0.0,0.619172,0.0,0.0875303,0.0,0.0,S1HC02,HC
0.140147,0.7759,0.208091,0.206006,0.230881,0.867088,0.0,0.0,0.0,0.0,S1HC02,HC
0.845029,0.7759,0.0,0.358437,0.0,0.350487,0.0,0.0,0.0,0.0,S1HC02,HC
0.432372,0.0,0.253557,0.0,0.0,0.0,0.0,0.0,0.0,0.0,S1HC24,HC
0.792204,0.0,0.0,0.0,0.0,0.741523,0.0,0.0,0.0,0.0,S1HC24,HC
0.432372,0.0,0.253557,0.0,0.0,0.0,0.0,0.0,0.0,0.0,S1HC24,HC
0.0,0.0,0.0,0.0,0.0,0.0,0.0,0.0,0.0,0.0,S1HC24,HC
0.645928,0.0,0.253557,0.0,0.0,0.0,0.0,0.0,0.0,0.0,S1HC24,HC
0.0,0.707954,0.0,0.0,0.0,0.0,0.0,0.0,0.0,0.0,S1HC24,HC
0.0,0.974679,0.792805,0.0,0.0,0.0,0.0,0.0,0.0,0.0,S1HC24,HC
0.0,0.974679,0.792805,0.0,0.0,0.0,0.0,0.0,0.0,0.0,S1HC24,HC
0.645928,0.398739,0.253557,0.0,0.0,0.0,0.0,0.0,0.686288,0.0,S1HC24,HC
0.322964,0.686709,0.523181,0.0,0.0,0.0,0.0,0.0,0.343144,0.0,S1HC24,HC
0.645928,0.974679,0.253557,0.0,0.0,0.0,0.0,0.0,0.686288,0.0,S1HC24,HC
0.0,0.974679,0.792805,0.0,0.0,0.0,0.0,0.0,0.0,0.652171,S1HC24,HC
0.0,0.974679,0.792805,0.0,0.0,0.0,0.0,0.0,0.0,0.0,S1HC24,HC
0.645928,0.398739,0.253557,0.0,0.0,0.0,0.0,0.563892,0.686288,0.0,S1HC24,HC
0.161482,0.830694,0.657993,0.0,0.0,0.0,0.0,0.0,0.171572,0.0,S1HC24,HC
0.322964,0.801897,0.523181,0.0,0.0,0.0,0.0,0.112778,0.343144,0.130434,S1HC24,HC
0.645928,0.686709,0.621938,0.0,0.0,0.0,0.0,0.0,0.686288,0.0,S1HC24,HC
0.0,0.974679,0.792805,0.0,0.0,0.0,0.0,0.563892,0.0,0.0,S1HC24,HC
0.484446,0.744303,0.572559,0.0,0.0,0.0,0.0,0.0563892,0.514716,0.0652171,S1HC24,HC
0.282593,0.823495,0.648979,0.0,0.0,0.0,0.0,0.169168,0.300251,0.0326086,S1HC24,HC
0.322964,0.801897,0.621938,0.0,0.0,0.0,0.0,0.0,0.343144,0.0,S1HC24,HC
0.645928,0.686709,0.621938,0.0,0.0,0.0,0.0,0.0,0.686288,0.0,S1HC24,HC
0.322964,0.823495,0.648979,0.0,0.0,0.0,0.919506,0.0,0.300251,0.0326086,S1HC24,HC
0.322964,0.801897,0.621938,0.0,0.0,0.0,0.0,0.0,0.343144,0.0326086,S1HC24,HC
0.484446,0.744303,0.572559,0.0,0.0,0.0,0.0,0.0563892,0.514716,0.0652171,S1HC24,HC
0.433983,0.764101,0.616353,0.0,0.0,0.0,0.0,0.0563892,0.4611,0.0244564,S1HC24,HC
0.484446,0.744303,0.621938,0.0,0.0,0.0,0.0,0.0,0.686288,0.0652171,S1HC24,HC
0.403705,0.7731,0.597248,0.0,0.0,0.0,0.0,0.0281946,0.42893,0.0326086,S1HC24,HC
0.0,0.0,0.0,0.0,0.0,0.440201,0.0,0.0,0.707417,0.626107,S1PT01,PT
0.827473,0.0,0.0,0.911943,0.0,0.781207,0.0,0.0,0.0,0.0,S1PT01,PT
0.0,0.0,0.0,0.0,0.0,0.99996,0.0,0.0,0.722956,0.0,S1PT01,PT
0.0,0.0,0.0,0.0,0.0,0.0,0.612662,0.0,0.826783,0.0,S1PT01,PT
0.827473,0.0,0.0,0.911943,0.0,0.781207,0.0,0.0,0.0,0.0,S1PT01,PT
0.206868,0.0,0.0,0.227986,0.0,0.555342,0.153166,0.0,0.564289,0.156527,S1PT01,PT
0.413736,0.0,0.0,0.455971,0.0,0.610704,0.0,0.0,0.353708,0.313054,S1PT01,PT
0.0,0.0,0.0,0.0,0.602359,0.99996,0.612662,0.0,0.826783,0.0,S1PT01,PT
0.827473,0.0,0.0,0.0,0.0,0.440201,0.0,0.0,0.707417,0.626107,S1PT01,PT
0.0488564,0.0,0.0,0.623786,0.0,0.673342,0.0,0.0,0.0,0.0,S1PT01,PT
0.413736,0.0,0.0,0.0,0.0,0.610704,0.745607,0.0,0.353708,0.313054,S1PT01,PT
0.413736,0.0,0.0,0.455971,0.0,0.610704,0.0,0.0,0.353708,0.313054,S1PT01,PT
0.206868,0.0,0.0,0.911943,0.0,0.555342,0.153166,0.0,0.564289,0.156527,S1PT01,PT
0.45511,0.0,0.0,0.31918,0.120472,0.677483,0.153166,0.0,0.490439,0.219138,S1PT01,PT
0.413736,0.0,0.0,0.455971,0.0,0.610704,0.0,0.0,0.353708,0.156527,S1PT01,PT
0.827473,0.0,0.0,0.911943,0.0,0.781207,0.0,0.0,0.0,0.0,S1PT01,PT
0.413736,0.0,0.0,0.455971,0.0,0.610704,0.0,0.0,0.353708,0.313054,S1PT01,PT
0.0,0.2519,0.0,0.0,0.0,0.779634,0.0,0.0,0.0,0.0,S1PT01,PT
0.45511,0.0,0.0,0.455971,0.120472,0.677483,0.153166,0.0,0.490439,0.458475,S1PT01,PT
0.413736,0.0,0.0,0.455971,0.0,0.610704,0.0,0.0,0.353708,0.313054,S1PT01,PT
0.413736,0.0,0.0,0.455971,0.0,0.610704,0.0,0.0,0.353708,0.313054,S1PT01,PT
0.397074,0.0,0.0,0.525542,0.0172102,0.645641,0.150277,0.0,0.302265,0.165471,S1PT01,PT
0.0,0.0,0.707836,0.0,0.0,0.0,0.0,0.0,0.0,0.771797,S1PT01,PT
0.348899,0.0419834,0.0,0.391571,0.022947,0.655812,0.0505737,0.0,0.308971,0.260518,S1PT01,PT
0.413736,0.0,0.0,0.455971,0.120472,0.677483,0.153166,0.00904869,0.490439,0.195206,S1PT01,PT
0.45511,0.0,0.0,0.455971,0.120472,0.677483,0.153166,0.0,0.490439,0.263558,S1PT01,PT
0.413736,0.0,0.0,0.455971,0.0,0.610704,0.0,0.0,0.353708,0.313054,S1PT01,PT
0.413736,0.0,0.0,0.455971,0.0,0.610704,0.0,0.0,0.353708,0.313054,S1PT01,PT
0.348899,0.0419834,0.0,0.391571,0.022947,0.655812,0.0505737,0.0,0.308971,0.260518,S1PT01,PT
0.413736,0.0,0.0,0.455971,0.0,0.610704,0.0,0.0,0.353708,0.313054,S1PT01,PT
0.402004,0.0209917,0.0,0.423771,0.0717094,0.666647,0.10187,0.0,0.399705,0.262038,S1PT01,PT
0.413736,0.0,0.0,0.455971,0.120472,0.677483,0.153166,0.0,0.490439,0.263558,S1PT01,PT
0.34087,0.00699723,0.117973,0.369243,0.0439817,0.538698,0.0594841,0.00150811,0.332878,0.352864,S1PT01,PT
0.413736,0.0,0.0,0.455971,0.120472,0.677483,0.820764,0.00904869,0.490439,0.195206,S1PT01,PT
0.413736,0.0,0.0,0.455971,0.0,0.677483,0.0,0.0,0.353708,0.313054,S1PT01,PT
0.348899,0.0419834,0.0,0.455971,0.022947,0.677483,0.0505737,0.00904869,0.308971,0.260518,S1PT01,PT
0.413736,0.0,0.0,0.455971,0.120472,0.677483,0.820764,0.00904869,0.490439,0.195206,S1PT01,PT
0.38883,0.011662,0.0196621,0.425417,0.0632636,0.637804,0.197643,0.00175947,0.396024,0.27454,S1PT01,PT
0.40787,0.0104958,0.0,0.439871,0.0960905,0.672065,0.461317,0.00452434,0.445072,0.228622,S1PT01,PT
0.410803,0.00524792,0.0,0.447921,0.108281,0.674774,0.64104,0.00678652,0.467756,0.211914,S1PT01,PT
0.348899,0.603498,0.0196621,0.455971,0.0632636,0.677483,0.0505737,0.00175947,0.308971,0.27454,S1PT01,PT
0.40787,0.0104958,0.0,0.455971,0.0960905,0.677483,0.461317,0.00452434,0.308971,0.228622,S1PT01,PT
0.40787,0.0104958,0.0,0.439871,0.0960905,0.672065,0.461317,0.00452434,0.445072,0.228622,S1PT01,PT
0.394615,0.0128283,0.00393242,0.446641,0.0605546,0.668464,0.306059,0.00487624,0.398843,0.254388,S1PT01,PT
0.0,0.0,0.0,0.0,0.0,0.800488,0.0,0.438904,0.0,0.477565,S1PT27,PT
0.0,0.0,0.0,0.0,0.0,0.560817,0.0,0.0,0.0,0.0,S1PT27,PT
0.0,0.878693,0.0,0.0,0.0,0.0,0.184248,0.0,0.0,0.0,S1PT27,PT
0.484667,0.0,0.588922,0.0,0.0,0.800488,0.0,0.0,0.0,0.477565,S1PT27,PT
0.0,0.292898,0.0,0.0,0.0,0.453768,0.0614159,0.146301,0.0,0.159188,S1PT27,PT
0.484667,0.0,0.588922,0.0,0.0,0.800488,0.0,0.0,0.0,0.477565,S1PT27,PT
0.82878,0.729193,0.0,0.0,0.0,0.515684,0.0,0.768799,0.0,0.0,S1PT27,PT
0.152067,0.0,0.0,0.0,0.0,0.800488,0.0614159,0.146301,0.0,0.159188,S1PT27,PT
0.0,0.292898,0.0,0.0,0.0,0.578345,0.0614159,0.0,0.0,0.159188,S1PT27,PT
0.366378,0.255523,0.14723,0.0,0.0,0.673751,0.030708,0.228775,0.0,0.198985,S1PT27,PT
0.82878,0.729193,0.0,0.0,0.0,0.515684,0.0,0.768799,0.0,0.0,S1PT27,PT
0.82878,0.729193,0.0,0.0,0.0,0.515684,0.030708,0.588213,0.0,0.198985,S1PT27,PT
0.82878,0.729193,0.14723,0.0,0.0,0.673751,0.030708,0.228775,0.0,0.0,S1PT27,PT
0.597579,0.492358,0.0736152,0.0,0.0,0.594718,0.015354,0.498787,0.0,0.0994927,S1PT27,PT
0.82878,0.729193,0.0,0.0,0.0,0.515684,0.0,0.768799,0.0,0.0,S1PT27,PT
0.597579,0.492358,0.0736152,0.0,0.0,0.594718,0.015354,0.498787,0.0,0.0994927,S1PT27,PT
0.713179,0.610775,0.0368076,0.0,0.0,0.555201,0.00767699,0.633793,0.0,0.0497464,S1PT27,PT
0.82878,0.729193,0.14723,0.0,0.0,0.673751,0.0,0.228775,0.0,0.0,S1PT27,PT
0.770979,0.669984,0.0552114,0.0,0.0,0.574959,0.0191925,0.521144,0.0,0.0746196,S1PT27,PT
0.82878,0.729193,0.14723,0.0,0.0,0.673751,0.0,0.228775,0.0,0.0,S1PT27,PT
0.713179,0.610775,0.110423,0.0,0.0,0.634234,0.00767699,0.363781,0.0,0.0497464,S1PT27,PT
0.727629,0.625577,0.0782162,0.0,0.0,0.599657,0.0105559,0.470625,0.0,0.0559647,S1PT27,PT
0.305249,0.669984,0.0736152,0.0,0.0,0.574959,0.0191925,0.521144,0.0,0.0994927,S1PT27,PT
0.643709,0.658882,0.102371,0.0,0.0,0.62065,0.00935633,0.396081,0.0,0.0513009,S1PT27,PT
0.305249,0.625577,0.0736152,0.0,0.0,0.574959,0.0191925,0.470625,0.0,0.0994927,S1PT27,PT
0.0,0.599271,0.0,0.0,0.0,0.592146,0.0,0.0,0.0,0.985768,S1PT27,PT
0.82878,0.729193,0.14723,0.0,0.0,0.673751,0.0,0.228775,0.0,0.0,S1PT27,PT
0.713179,0.610775,0.110423,0.0,0.0,0.673751,0.0,0.363781,0.0,0.0,S1PT27,PT
0.0,0.360465,0.291018,0.85187,0.545974,0.0,0.0,0.0,0.10148,0.0,S1PT09,PT
0.906178,0.0,0.0,0.0,0.0,0.0,0.0,0.0471794,0.879241,0.0,S1PT09,PT
0.803893,0.0,0.0,0.0,0.0,0.0,0.420576,0.0,0.0,0.710999,S1PT09,PT
0.453089,0.180232,0.145509,0.425935,0.272987,0.0,0.0,0.0235897,0.49036,0.0,S1PT09,PT
0.0,0.360465,0.291018,0.85187,0.545974,0.0,0.0,0.0,0.10148,0.0,S1PT09,PT
0.0,0.360465,0.291018,0.85187,0.545974,0.0,0.0,0.0,0.10148,0.0,S1PT09,PT
0.0,0.360465,0.291018,0.425935,0.545974,0.0,0.0,0.0235897,0.10148,0.0,S1PT09,PT
0.0,0.360465,0.291018,0.85187,0.545974,0.0,0.0,0.0,0.10148,0.0,S1PT09,PT
0.0,0.360465,0.291018,0.85187,0.545974,0.0,0.0,0.0,0.10148,0.0,S1PT09,PT
0.0,0.360465,0.291018,0.85187,0.545974,0.0,0.0,0.0,0.10148,0.0,S1PT09,PT
0.018358,0.360465,0.291018,0.85187,0.545974,0.0,0.0,0.0,0.10148,0.0,S1PT09,PT
0.0,0.360465,0.291018,0.85187,0.545974,0.0,0.0,0.0,0.10148,0.0,S1PT09,PT
0.018358,0.360465,0.291018,0.85187,0.545974,0.0,0.0,0.0,0.10148,0.0,S1PT09,PT
0.0,0.0,0.569446,0.0,0.0,0.0,0.0,0.0,0.434271,0.0,S1PT09,PT
0.0,0.360465,0.291018,0.85187,0.545974,0.0,0.0,0.0,0.10148,0.0,S1PT09,PT
0.018358,0.360465,0.291018,0.0,0.545974,0.0,0.0,0.0,0.10148,0.0,S1PT09,PT
0.0,0.180232,0.430232,0.425935,0.272987,0.0,0.0,0.0,0.267876,0.0,S1PT09,PT
0.018358,0.360465,0.291018,0.0,0.545974,0.0,0.0,0.0,0.10148,0.0,S1PT09,PT
0.00917902,0.315407,0.325821,0.319451,0.477727,0.0,0.0,0.0,0.143079,0.0,S1PT09,PT
0.00917902,0.270348,0.360625,0.212967,0.40948,0.0,0.0,0.0,0.184678,0.0,S1PT09,PT
0.0,0.0,0.478589,0.0,0.0,0.0,0.0,0.886718,0.0,0.0,S1PT22,PT
0.0,0.928501,0.0,0.0,0.0,0.0,0.0,0.0,0.674245,0.808788,S1PT22,PT
0.0,0.0,0.478589,0.0,0.0,0.0,0.0,0.886718,0.0,0.0,S1PT22,PT
0.0,0.928501,0.478589,0.0,0.0,0.0,0.0,0.0,0.674245,0.808788,S1PT22,PT
0.0,0.0,0.478589,0.0,0.0,0.0,0.0,0.816373,0.0,0.0,S1PT22,PT
0.0,0.818516,0.478589,0.0,0.0,0.0,0.0,0.886718,0.0,0.0,S1PT22,PT
0.0,0.0,0.478589,0.0,0.0,0.0,0.0,0.816373,0.0,0.0,S1PT22,PT
0.0,0.818516,0.478589,0.0,0.0,0.0,0.0,0.816373,0.0,0.0,S1PT22,PT
0.123105,0.0,0.478589,0.0,0.0,0.0,0.578138,0.816373,0.0,0.0,S1PT22,PT
0.041035,0.272839,0.478589,0.0,0.0,0.0,0.192713,0.816373,0.0,0.0,S1PT22,PT
0.123105,0.228946,0.478589,0.0,0.0,0.0,0.0,0.816373,0.0,0.0,S1PT22,PT
0.0615525,0.0,0.478589,0.0,0.0,0.0,0.289069,0.816373,0.0,0.0,S1PT22,PT
0.0615525,0.0,0.478589,0.0,0.0,0.0,0.289069,0.816373,0.0,0.0,S1PT22,PT
0.0615525,0.0,0.478589,0.574025,0.0,0.0,0.289069,0.816373,0.0,0.0,S1PT22,PT
0.0752309,0.167262,0.478589,0.0,0.0,0.0,0.160594,0.816373,0.0,0.0,S1PT22,PT
0.0923288,0.114473,0.478589,0.0,0.0,0.0,0.144535,0.816373,0.0,0.0,S1PT22,PT
0.0615525,0.0,0.478589,0.0,0.0,0.0,0.289069,0.816373,0.0,0.0,S1PT22,PT
0.0615525,0.0,0.478589,0.0,0.0,0.0,0.289069,0.816373,0.0,0.0,S1PT22,PT
0.0769407,0.0572365,0.478589,0.0,0.0,0.0,0.216802,0.816373,0.0,0.0,S1PT22,PT
0.0615525,0.0,0.478589,0.0,0.0,0.0,0.144535,0.816373,0.0,0.0,S1PT22,PT
0.0615525,0.0,0.478589,0.0,0.0,0.0,0.216802,0.816373,0.0,0.0,S1PT22,PT
0.0653996,0.0143091,0.478589,0.0,0.0,0.0,0.234869,0.816373,0.0,0.0,S1PT22,PT
0.0615525,0.0,0.478589,0.0,0.0,0.0,0.144535,0.816373,0.0,0.0,S1PT22,PT
0.0615525,0.0,0.478589,0.379902,0.0,0.0,0.144535,0.816373,0.0,0.0,S1PT22,PT
0.0769407,0.0572365,0.478589,0.0,0.0,0.0,0.289069,0.816373,0.0,0.0,S1PT22,PT
0.768841,0.0,0.0,0.0,0.0,0.0,0.0,0.0,0.0,0.0,S1PT04,PT
0.0,0.0,0.768202,0.0,0.0,0.0,0.0,0.533744,0.0,0.879989,S1PT04,PT
0.0,0.950813,0.265443,0.0,0.0,0.0,0.0,0.0,0.0,0.292078,S1PT04,PT
0.768841,0.0,0.768202,0.0,0.0,0.0,0.0,0.533744,0.0,0.0,S1PT04,PT
0.0,0.0,0.768202,0.0,0.0,0.0,0.0,0.0,0.0,0.0973349,S1PT04,PT
0.38442,0.0,0.384101,0.0,0.0,0.0,0.0,0.266872,0.0,0.439994,S1PT04,PT
0.768841,0.0,0.461479,0.0,0.0,0.0,0.0,0.533744,0.0,0.0,S1PT04,PT
0.0,0.0,0.0,0.194267,0.0,0.0,0.0,0.596307,0.0,0.0,S1PT04,PT
0.768841,0.0,0.768202,0.0,0.0,0.0,0.0,0.533744,0.0,0.0,S1PT04,PT
0.51256,0.0,0.409894,0.0647557,0.0,0.0,0.0,0.554598,0.0,0.0,S1PT04,PT
0.768841,0.0,0.461479,0.0,0.0,0.0,0.0,0.533744,0.0,0.0,S1PT04,PT
0.768841,0.0,0.461479,0.0,0.0,0.0,0.0,0.533744,0.0,0.0,S1PT04,PT
0.683414,0.0,0.444284,0.0215852,0.0,0.0,0.0,0.540695,0.0,0.0,S1PT04,PT
0.640701,0.0,0.435687,0.0323779,0.0,0.0,0.0,0.544171,0.0,0.0,S1PT04,PT
0.51256,0.0,0.409894,0.0647557,0.0,0.0,0.0,0.554598,0.0,0.0,S1PT04,PT
0.0,0.0,0.0,0.0,0.0,0.0,0.0,0.0,0.0,0.0,S1PT04,PT
0.612225,0.0,0.429955,0.0395729,0.0,0.0,0.0,0.546488,0.0,0.0,S1PT04,PT
0.57663,0.0,0.42279,0.0485668,0.0,0.0,0.0,0.549385,0.0,0.0,S1PT04,PT
0.640701,0.0,0.409894,0.0647557,0.0,0.0,0.0,0.544171,0.0,0.0,S1PT04,PT
0.594428,0.0,0.426372,0.0440699,0.0,0.0,0.0,0.547937,0.0,0.0,S1PT04,PT
0.0,0.0,0.54432,0.0,0.333759,0.0,0.450264,0.0,0.0,0.0,S1PT04,PT
0.57663,0.829527,0.42279,0.0485668,0.507918,0.0,0.0,0.0,0.0,0.0,S1PT04,PT
0.84459,0.0,0.0,0.0,0.0,0.0,0.0,0.0,0.0,0.0,S1PT04,PT
0.0,0.0,0.54432,0.0,0.333759,0.0,0.450264,0.826966,0.0,0.0,S1PT04,PT
0.543394,0.735851,0.0,0.0,0.0,0.0,0.0,0.0,0.0,0.0,S1PT04,PT
0.594428,0.0,0.426372,0.0440699,0.0,0.0,0.0,0.547937,0.0,0.0,S1PT04,PT
0.503912,0.207382,0.348371,0.0231592,0.210419,0.0,0.112566,0.136984,0.0,0.0,S1PT04,PT
0.55335,0.0,0.0,0.0,0.489385,0.0,0.334184,0.0,0.0,0.0,S1PT19,PT
0.0,0.0,0.0,0.0,0.0,0.60563,0.0,0.0,0.361203,0.0,S1PT19,PT
0.55335,0.0,0.0,0.0,0.489385,0.0,0.0,0.0,0.0,0.0,S1PT19,PT
0.55335,0.0,0.0,0.0,0.489385,0.0,0.334184,0.0,0.0,0.0,S1PT19,PT
0.276675,0.0,0.0,0.0,0.244693,0.302815,0.167092,0.0,0.180601,0.0,S1PT19,PT
0.461125,0.0,0.0,0.0,0.407821,0.100938,0.167092,0.0,0.0602004,0.0,S1PT19,PT
0.276675,0.0,0.0,0.0,0.458965,0.0,0.167092,0.0,0.180601,0.0,S1PT19,PT
0.55335,0.0,0.0,0.0,0.489385,0.0,0.334184,0.0,0.0,0.0,S1PT19,PT
0.430383,0.0,0.0,0.0,0.452057,0.0336461,0.222789,0.0,0.0802673,0.0,S1PT19,PT
0.55335,0.0,0.0,0.0,0.489385,0.0,0.334184,0.0,0.0,0.0,S1PT19,PT
0.55335,0.0,0.0,0.0,0.489385,0.0,0.334184,0.0,0.0,0.0,S1PT19,PT
0.55335,0.0,0.0,0.0,0.489385,0.0,0.334184,0.0,0.0,0.0,S1PT19,PT
0.55335,0.0,0.0,0.0,0.489385,0.0,0.334184,0.0,0.0,0.0,S1PT19,PT
0.55335,0.0,0.0,0.0,0.489385,0.0,0.334184,0.0,0.0,0.0,S1PT19,PT
0.55335,0.0,0.0,0.0,0.489385,0.0,0.334184,0.0,0.0,0.0,S1PT19,PT
0.55335,0.0,0.0,0.0,0.489385,0.0,0.334184,0.0,0.0,0.0,S1PT19,PT
0.55335,0.0,0.0,0.0,0.489385,0.0,0.334184,0.0,0.0,0.0,S1PT19,PT
0.55335,0.0,0.0,0.0,0.489385,0.0,0.334184,0.0,0.0,0.0,S1PT19,PT
0.55335,0.0,0.0,0.0,0.489385,0.0,0.793838,0.0,0.0654083,0.0,S1PT19,PT
0.55335,0.0,0.0,0.0,0.489385,0.0,0.334184,0.0,0.0,0.0,S1PT19,PT
0.55335,0.0,0.0,0.0,0.489385,0.0,0.334184,0.0,0.0,0.0,S1PT19,PT
0.0,0.0,0.0,0.625618,0.0,0.527568,0.0,0.558432,0.0,0.0,S1HC07,HC
0.77415,0.0,0.0,0.201778,0.0,0.0,0.0,0.182362,0.0,0.0,S1HC07,HC
0.77415,0.0,0.0,0.201778,0.0,0.527568,0.0,0.182362,0.0,0.0,S1HC07,HC
0.77415,0.0,0.0,0.201778,0.0,0.0,0.0,0.182362,0.0,0.0,S1HC07,HC
0.228778,0.0,0.532568,0.0,0.393045,0.0,0.0,0.281906,0.0,0.0,S1HC07,HC
0.387075,0.0,0.0,0.413698,0.0,0.263784,0.0,0.370397,0.0,0.0,S1HC07,HC
0.541038,0.0,0.133142,0.204313,0.0982612,0.197838,0.0,0.254257,0.0,0.0,S1HC07,HC
0.77415,0.0,0.0,0.201778,0.0,0.0,0.0,0.182362,0.0,0.0,S1HC07,HC
0.0,0.828303,0.717189,0.0,0.0,0.0,0.0,0.538989,0.0,0.0,S1HC07,HC
0.77415,0.0,0.0,0.201778,0.0,0.0,0.755456,0.182362,0.0,0.0,S1HC07,HC
0.77415,0.0,0.532568,0.930327,0.0,0.0,0.0,0.281906,0.0,0.0453293,S1HC07,HC
0.572698,0.165661,0.27658,0.307639,0.0196522,0.0395676,0.151091,0.287975,0.0,0.00906587,S1HC07,HC
0.0,0.96244,0.717189,0.0,0.0,0.0,0.0,0.538989,0.0,0.0,S1HC07,HC
0.77415,0.0,0.532568,0.930327,0.0,0.0,0.0,0.281906,0.0,0.0453293,S1HC07,HC
0.77415,0.0,0.0,0.201778,0.0,0.0,0.755456,0.182362,0.0,0.0,S1HC07,HC
0.0,0.637552,0.717189,0.0,0.0,0.0,0.0,0.538989,0.0,0.0,S1HC07,HC
0.77415,0.0,0.532568,0.930327,0.0,0.0,0.0,0.281906,0.0,0.0453293,S1HC07,HC
0.530249,0.282025,0.381584,0.359936,0.00491306,0.00989191,0.226637,0.322808,0.0,0.0135988,S1HC07,HC
0.0,0.96244,0.717189,0.0,0.0,0.0,0.0,0.538989,0.0,0.0,S1HC07,HC
0.673424,0.0828303,0.404574,0.618983,0.00982612,0.0197838,0.0755456,0.284941,0.0,0.0271976,S1HC07,HC
0.77415,0.0,0.532568,0.930327,0.00491306,0.0,0.0,0.281906,0.0,0.0453293,S1HC07,HC
0.395565,0.392969,0.550621,0.381849,0.00294784,0.00593514,0.0604365,0.393526,0.0,0.0172251,S1HC07,HC
0.601837,0.182428,0.393079,0.48946,0.00736959,0.0148379,0.151091,0.303874,0.0,0.0203982,S1HC07,HC
0.673424,0.282025,0.404574,0.618983,0.00491306,0.0197838,0.0755456,0.322808,0.0,0.0271976,S1HC07,HC
0.673424,0.0828303,0.404574,0.618983,0.00982612,0.0197838,0.0755456,0.284941,0.0,0.0271976,S1HC07,HC
0.601837,0.182428,0.393079,0.48946,0.00736959,0.0148379,0.151091,0.303874,0.0,0.0203982,S1HC07,HC
0.687993,0.0912138,0.462824,0.709893,0.00614133,0.00741893,0.0755456,0.29289,0.0,0.0328638,S1HC07,HC
0.77415,0.0,0.393079,0.930327,0.00491306,0.0148379,0.151091,0.303874,0.0,0.0203982,S1HC07,HC
0.112133,0.786234,0.0,0.864208,0.0,0.0,0.0,0.0,0.0594342,0.0,S1HC07,HC
0.395565,0.392969,0.404574,0.381849,0.00294784,0.0197838,0.0755456,0.051853,0.0,0.0271976,S1HC07,HC
0.62368,0.18805,0.457083,0.607921,0.00599394,0.0120681,0.0725238,0.317411,0.0,0.0274696,S1HC07,HC
0.53256,0.273483,0.351773,0.663943,0.00456096,0.0114911,0.0876329,0.211651,0.0099057,0.0213879,S1HC07,HC
0.731072,0.0456069,0.427951,0.82011,0.00552719,0.0111284,0.113318,0.298382,0.0,0.026631,S1HC07,HC
0.62368,0.18805,0.457083,0.709893,0.00599394,0.0120681,0.0755456,0.317411,0.0,0.0274696,S1HC07,HC
0.601837,0.182428,0.457083,0.48946,0.00599394,0.0148379,0.151091,0.317411,0.0,0.0274696,S1HC07,HC
0.687993,0.0912138,0.462824,0.709893,0.00614133,0.00741893,0.0755456,0.29289,0.0,0.0328638,S1HC07,HC
0.0,0.0,0.0,0.0,0.0,0.942574,0.0,0.0,0.951915,0.0,S1HC08,HC
0.0,0.0,0.0,0.0,0.0,0.269325,0.0,0.0,0.0,0.00981376,S1HC08,HC
0.0,0.0,0.0,0.010466,0.0137038,0.0,0.0,0.0,0.886797,0.0,S1HC08,HC
0.0,0.0,0.690548,0.804491,0.0,0.0,0.788127,0.0395147,0.0,0.0,S1HC08,HC
0.0,0.0,0.0,0.0,0.0,0.942574,0.0,0.0,0.951915,0.0,S1HC08,HC
0.0,0.0,0.0,0.0,0.0,0.942574,0.0,0.0,0.951915,0.0,S1HC08,HC
0.0,0.0,0.690548,0.010466,0.0137038,0.0,0.0,0.0,0.0,0.0,S1HC08,HC
0.0,0.867808,0.178655,0.0,0.0137038,0.0,0.0,0.0,0.886797,0.0,S1HC08,HC
0.0,0.0,0.0,0.00523302,0.0068519,0.471287,0.0,0.0,0.919356,0.0,S1HC08,HC
0.706285,0.0,0.178655,0.0,0.0137038,0.0,0.0,0.0,0.886797,0.0,S1HC08,HC
0.0,0.567535,0.860588,0.0286557,0.0,0.0,0.0,0.0,0.0,0.0,S1HC08,HC
0.0,0.867808,0.178655,0.0,0.0137038,0.0,0.0,0.0,0.886797,0.0,S1HC08,HC
0.0,0.173562,0.173841,0.00313981,0.0068519,0.471287,0.0,0.0,0.741997,0.0,S1HC08,HC
0.706285,0.0,0.178655,0.0,0.0137038,0.0,0.0,0.0,0.0,0.0,S1HC08,HC
0.706285,0.0,0.178655,0.0,0.0137038,0.0,0.0,0.0,0.886797,0.0,S1HC08,HC
0.176571,0.402226,0.347935,0.00794889,0.00856488,0.117822,0.0,0.0,0.628898,0.0,S1HC08,HC
0.580238,0.0,0.0,0.0,0.812308,0.0,0.0,0.0,0.0,0.0,S1HC08,HC
0.0,0.567535,0.860588,0.0286557,0.0137038,0.0,0.0,0.956682,0.886797,0.0,S1HC08,HC
0.706285,0.0,0.178655,0.0,0.0137038,0.0,0.0,0.0,0.886797,0.0,S1HC08,HC
0.0,0.567535,0.178655,0.0,0.0137038,0.0,0.0,0.0,0.886797,0.0,S1HC08,HC
0.176571,0.402226,0.347935,0.00794889,0.0137038,0.0,0.0,0.0,0.628898,0.0,S1HC08,HC
0.441428,0.201113,0.263295,0.00397444,0.0111343,0.0589109,0.0,0.0,0.314449,0.0,S1HC08,HC
0.0,0.567535,0.178655,0.308127,0.0137038,0.0,0.0,0.0,0.886797,0.0,S1HC08,HC
0.706285,0.0,0.178655,0.0,0.0137038,0.0,0.0,0.0,0.0,0.0,S1HC08,HC
0.410809,0.219614,0.274735,0.00522923,0.127056,0.0168317,0.0,0.136669,0.596583,0.0,S1HC08,HC
0.723707,0.0,0.0,0.0,0.0,0.0,0.0,0.0,0.0,0.0,S1HC08,HC
0.723707,0.0,0.0,0.0,0.0137038,0.0,0.0,0.0,0.0,0.0,S1HC08,HC
0.706285,0.0,0.178655,0.0,0.0137038,0.0,0.0,0.0,0.0,0.0,S1HC08,HC
0.513032,0.0,0.0,0.0,0.0,0.663208,0.0,0.0,0.310653,0.0,S1HC08,HC
0.4098,0.231748,0.207212,0.0542132,0.0298836,0.0126238,0.0,0.0227782,0.404454,0.0,S1HC08,HC
0.410809,0.201113,0.274735,0.00522923,0.127056,0.0589109,0.0,0.136669,0.596583,0.0,S1HC08,HC
0.558547,0.109807,0.226695,0.00261462,0.0703799,0.00841584,0.0,0.0683345,0.298292,0.0,S1HC08,HC
0.0,0.0,0.0,0.0,0.0,0.704063,0.659267,0.0,0.576402,0.0,S1HC08,HC
0.823312,0.0,0.0,0.0,0.0,0.0,0.0,0.0,0.0,0.356139,S1HC08,HC
0.474597,0.077524,0.126757,0.0088653,0.0363896,0.206746,0.094181,0.0325402,0.312341,0.0,S1HC08,HC
0.558547,0.109807,0.226695,0.00261462,0.0703799,0.00841584,0.0,0.0683345,0.298292,0.0,S1HC08,HC
0.632416,0.0549034,0.202675,0.00130731,0.0420419,0.00420792,0.0,0.0341672,0.149146,0.0,S1HC08,HC
0.723707,0.0,0.0,0.917772,0.912752,0.0,0.0,0.0683345,0.298292,0.0,S1HC08,HC
0.513032,0.0,0.0,0.0,0.0,0.663208,0.0,0.136669,0.310653,0.0,S1HC08,HC
0.513032,0.0,0.0,0.0,0.0,0.663208,0.0,0.136669,0.310653,0.0,S1HC08,HC
0.632416,0.0549034,0.202675,0.00130731,0.0420419,0.00420792,0.0,0.0341672,0.149146,0.0,S1HC08,HC
0.678061,0.0274517,0.101337,0.45954,0.477397,0.00210396,0.0,0.0512508,0.223719,0.0,S1HC08,HC
0.620935,0.0403724,0.0926877,0.155093,0.176927,0.147096,0.0156968,0.0566742,0.22812,0.0593565,S1HC08,HC
0.558547,0.109807,0.226695,0.0,0.0703799,0.00841584,0.0,0.0683345,0.298292,0.0,S1HC08,HC
0.723707,0.638642,0.0,0.917772,0.912752,0.0,0.0,0.0683345,0.298292,0.0,S1HC08,HC
0.0,0.0,0.604709,0.0,0.0358257,0.0,0.0,0.0,0.0,0.657334,S1HC08,HC
0.0,0.0,0.0,0.0,0.0,0.402567,0.0,0.456567,0.100379,0.159129,S1HC26,HC
0.893234,0.0,0.0,0.0,0.0,0.29405,0.0,0.0,0.0,0.0,S1HC26,HC
0.893234,0.0,0.0,0.0,0.0,0.29405,0.0,0.456567,0.0,0.0,S1HC26,HC
0.893234,0.0,0.0,0.0,0.0,0.29405,0.0,0.456567,0.0,0.0,S1HC26,HC
0.893234,0.0,0.0,0.0,0.0,0.29405,0.0,0.456567,0.0,0.0,S1HC26,HC
0.893234,0.0,0.0,0.0,0.0,0.29405,0.0,0.124604,0.0,0.0,S1HC26,HC
0.893234,0.0,0.0,0.0,0.962164,0.29405,0.0,0.456567,0.0,0.0,S1HC26,HC
0.893234,0.0,0.0,0.0,0.0,0.29405,0.0,0.456567,0.0,0.0,S1HC26,HC
0.893234,0.0,0.0,0.0,0.0,0.29405,0.0,0.124604,0.0,0.0,S1HC26,HC
0.893234,0.0,0.0,0.0,0.192433,0.29405,0.0,0.390175,0.0,0.0,S1HC26,HC
0.893234,0.0,0.0,0.0,0.0,0.29405,0.0,0.124604,0.0,0.0,S1HC26,HC
0.893234,0.0,0.0,0.0,0.0,0.29405,0.0,0.456567,0.0,0.0,S1HC26,HC
0.893234,0.0,0.0,0.0,0.0613615,0.29405,0.0,0.390175,0.0,0.0,S1HC26,HC
0.893234,0.0,0.0,0.0,0.0481082,0.29405,0.0,0.273988,0.0,0.0,S1HC26,HC
0.893234,0.0,0.0,0.0,0.0,0.29405,0.0,0.124604,0.0,0.0,S1HC26,HC
0.637844,0.0,0.0,0.0,0.192433,0.29405,0.0,0.390175,0.0,0.0,S1HC26,HC
0.893234,0.0,0.0,0.0,0.0962164,0.29405,0.0,0.257389,0.0,0.0,S1HC26,HC
0.842156,0.0,0.0,0.0,0.0796238,0.29405,0.0,0.287266,0.0,0.0,S1HC26,HC
0.893234,0.0,0.0,0.0,0.0481082,0.29405,0.0,0.273988,0.0,0.0,S1HC26,HC
0.893234,0.0,0.0,0.0,0.192433,0.29405,0.0,0.273988,0.0,0.0,S1HC26,HC
0.893234,0.0,0.0,0.0,0.0481082,0.29405,0.0,0.273988,0.0,0.0,S1HC26,HC
0.765539,0.0,0.0,0.0,0.120271,0.29405,0.0,0.332081,0.0,0.0,S1HC26,HC
0.829387,0.0,0.0,0.0,0.156352,0.29405,0.0,0.303034,0.0,0.0,S1HC26,HC
0.893234,0.0,0.0,0.0,0.192433,0.29405,0.0,0.273988,0.0,0.0,S1HC26,HC
0.85748,0.0,0.0,0.0,0.0977087,0.29405,0.0,0.288262,0.0,0.0,S1HC26,HC
0.86131,0.0,0.0,0.0,0.174392,0.29405,0.0,0.288511,0.0,0.0,S1HC26,HC
0.893234,0.0,0.0,0.0,0.493701,0.29405,0.0,0.273988,0.0,0.0,S1HC26,HC
0.893234,0.0,0.0,0.0,0.192433,0.29405,0.0,0.273988,0.0,0.0,S1HC26,HC
0.893234,0.0,0.0,0.0,0.192433,0.29405,0.0,0.303034,0.0,0.0,S1HC26,HC
0.860034,0.0,0.0,0.0,0.148831,0.29405,0.0,0.288428,0.0,0.0,S1HC26,HC
0.893234,0.0,0.0,0.0,0.192433,0.29405,0.0,0.288262,0.0,0.0,S1HC26,HC
0.669565,0.0,0.0,0.0,0.904127,0.0,0.258768,0.0,0.0,0.0,S1PT16,PT
0.0,0.970804,0.0,0.0,0.0,0.0,0.0,0.712636,0.0,0.0,S1PT16,PT
0.334783,0.485402,0.0,0.0,0.452063,0.0,0.129384,0.356318,0.0,0.0,S1PT16,PT
0.669565,0.970804,0.0,0.651832,0.0,0.0,0.383227,0.0,0.0,0.0,S1PT16,PT
0.669565,0.0,0.0,0.0,0.904127,0.0,0.258768,0.0,0.0,0.0,S1PT16,PT
0.334783,0.485402,0.0,0.0,0.452063,0.0,0.258768,0.680533,0.0,0.0,S1PT16,PT
0.557971,0.485402,0.0,0.217277,0.452063,0.0,0.257127,0.118773,0.0,0.0,S1PT16,PT
0.669565,0.970804,0.0,0.651832,0.0,0.0,0.383227,0.0,0.0,0.0,S1PT16,PT
0.334783,0.485402,0.0,0.0,0.947517,0.0,0.258768,0.680533,0.0,0.0,S1PT16,PT
0.520773,0.647203,0.0,0.289703,0.301376,0.0,0.299707,0.266435,0.0,0.0,S1PT16,PT
0.557971,0.970804,0.0,0.217277,0.452063,0.0,0.383227,0.118773,0.0,0.0,S1PT16,PT
0.669565,0.970804,0.0,0.651832,0.0,0.0,0.383227,0.0,0.0,0.0,S1PT16,PT
0.557971,0.970804,0.0,0.217277,0.392584,0.0,0.383227,0.118773,0.0,0.0,S1PT16,PT
0.520773,0.768554,0.0,0.289703,0.425239,0.0,0.331233,0.266435,0.0,0.0,S1PT16,PT
0.582975,0.0379818,0.0,0.535851,0.0,0.0,0.0,0.0,0.48092,0.0,S1PT16,PT
0.557971,0.970804,0.0,0.217277,0.452063,0.0,0.383227,0.118773,0.0,0.0,S1PT16,PT
0.613768,0.970804,0.0,0.434555,0.226032,0.0,0.383227,0.0593864,0.0,0.0,S1PT16,PT
0.566692,0.74379,0.0,0.338933,0.299183,0.0,0.296183,0.112673,0.0961841,0.0,S1PT16,PT
0.613768,0.970804,0.0,0.434555,0.226032,0.0,0.383227,0.0593864,0.0,0.0,S1PT16,PT
0.582975,0.0379818,0.0,0.535851,0.0,0.0,0.0,0.118773,0.0,0.0,S1PT16,PT
0.58587,0.970804,0.0,0.325916,0.339047,0.0,0.383227,0.0890795,0.0,0.0,S1PT16,PT
0.557971,0.970804,0.0,0.535851,0.0,0.0,0.383227,0.118773,0.48092,0.0,S1PT16,PT
0.582975,0.970804,0.734093,0.535851,0.0,0.0,0.383227,0.118773,0.0,0.0,S1PT16,PT
0.557971,0.970804,0.0,0.535851,0.0,0.0,0.383227,0.118773,0.48092,0.0,S1PT16,PT
0.581455,0.738837,0.0,0.434221,0.172853,0.0,0.289173,0.0997369,0.115421,0.0,S1PT16,PT
0.58587,0.970804,0.0,0.485203,0.113016,0.0,0.383227,0.0890795,0.24046,0.0,S1PT16,PT
0.577068,0.912813,0.183523,0.497781,0.0714671,0.0,0.359714,0.10659,0.2092,0.0,S1PT16,PT
0.581455,0.738837,0.0,0.434221,0.172853,0.0,0.289173,0.0997369,0.115421,0.0,S1PT16,PT
0.569713,0.854821,0.0,0.485036,0.0864263,0.0,0.3362,0.109255,0.298171,0.0,S1PT16,PT
0.581455,0.738837,0.0,0.434221,0.0,0.0,0.289173,0.118773,0.115421,0.0,S1PT16,PT
0.0,0.0,0.0,0.0,0.0,0.504279,0.0,0.0,0.0,0.0,S1PT03,PT
0.0,0.0,0.0,0.0,0.0,0.0,0.0,0.702338,0.0,0.0,S1PT03,PT
0.0,0.0,0.0,0.0,0.0,0.0,0.0,0.702338,0.0,0.0,S1PT03,PT
0.0,0.0,0.810556,0.0,0.0,0.0,0.0,0.702338,0.0,0.0,S1PT03,PT
0.0,0.0,0.810556,0.0,0.0,0.0,0.0,0.702338,0.0,0.0,S1PT03,PT
0.0,0.0,0.976115,0.0,0.0,0.0,0.0,0.0,0.0,0.0,S1PT03,PT
0.0,0.0,0.810556,0.0,0.0,0.0,0.0,0.702338,0.0,0.0,S1PT03,PT
0.0,0.0,0.865742,0.0,0.0,0.0,0.0,0.468225,0.0,0.0,S1PT03,PT
0.0,0.0,0.810556,0.0,0.0,0.0,0.0,0.702338,0.823966,0.0,S1PT03,PT
0.0,0.0,0.810556,0.0,0.0,0.0,0.0,0.702338,0.823966,0.0,S1PT03,PT
0.0,0.0,0.810556,0.0,0.0,0.0,0.0,0.702338,0.823966,0.0,S1PT03,PT
0.0,0.0,0.810556,0.0,0.0,0.0,0.357799,0.702338,0.823966,0.0,S1PT03,PT
0.858857,0.0,0.0,0.0,0.603392,0.0,0.0,0.426258,0.0,0.0,S1PT03,PT
0.0,0.0,0.810556,0.0,0.0,0.0,0.0,0.702338,0.823966,0.0,S1PT03,PT
0.429428,0.0,0.405278,0.0,0.301696,0.0,0.0,0.564298,0.411983,0.0,S1PT03,PT
0.286286,0.0,0.54037,0.0,0.201131,0.0,0.119266,0.610311,0.549311,0.0,S1PT03,PT
0.0,0.0,0.810556,0.0,0.0,0.0,0.0,0.702338,0.823966,0.0,S1PT03,PT
0.0,0.0,0.0,0.0,0.0,0.0,0.0,0.0,0.0,0.0,S1PT25,PT
0.0,0.0,0.731948,0.0,0.0,0.0,0.620271,0.0,0.0,0.0,S1PT25,PT
0.0,0.0,0.731948,0.0,0.0,0.0,0.620271,0.0,0.0,0.0,S1PT25,PT
0.524014,0.0,0.0,0.0,0.0,0.0,0.620271,0.0,0.0,0.0,S1PT25,PT
0.524014,0.0,0.731948,0.0,0.0,0.0,0.620271,0.0,0.0,0.0,S1PT25,PT
0.524014,0.0,0.0,0.0,0.0,0.0,0.620271,0.0,0.0,0.0,S1PT25,PT
0.524014,0.0,0.0,0.0,0.0,0.0,0.620271,0.0,0.0,0.0,S1PT25,PT
0.524014,0.0,0.731948,0.0,0.0,0.0,0.620271,0.0,0.0,0.0,S1PT25,PT
0.524014,0.0,0.731948,0.0,0.0,0.0,0.620271,0.0,0.0,0.0,S1PT25,PT
0.524014,0.0,0.731948,0.0,0.0,0.0,0.620271,0.0,0.0,0.0,S1PT25,PT
0.524014,0.0,0.731948,0.0,0.0,0.0,0.620271,0.0,0.0,0.0,S1PT25,PT
0.524014,0.0,0.731948,0.0,0.0,0.0,0.620271,0.0,0.0,0.0,S1PT25,PT
0.524014,0.0,0.548961,0.0,0.0,0.0,0.620271,0.0,0.0,0.0,S1PT25,PT
0.524014,0.0,0.670953,0.0,0.0,0.0,0.620271,0.0,0.0,0.0,S1PT25,PT
0.524014,0.0,0.731948,0.0,0.0,0.0,0.620271,0.0,0.0,0.0,S1PT25,PT
0.524014,0.0,0.731948,0.0,0.0,0.0,0.620271,0.0,0.0,0.0,S1PT25,PT
0.524014,0.0,0.670953,0.0,0.0,0.0,0.620271,0.0,0.0,0.0,S1PT25,PT
0.524014,0.0,0.70145,0.0,0.0,0.0,0.620271,0.0,0.0,0.0,S1PT25,PT
0.524014,0.0,0.731948,0.0,0.0,0.0,0.620271,0.0,0.0,0.838928,S1PT25,PT
0.524014,0.0,0.711616,0.0,0.0,0.0,0.620271,0.0,0.0,0.0,S1PT25,PT
0.524014,0.0,0.670953,0.0,0.0,0.0,0.620271,0.0,0.0,0.0,S1PT25,PT
0.524014,0.0,0.711616,0.0,0.0,0.0,0.620271,0.0,0.0,0.0,S1PT25,PT
0.524014,0.0,0.691285,0.0,0.0,0.0,0.620271,0.0,0.0,0.0,S1PT25,PT
0.524014,0.0,0.670953,0.0,0.079176,0.0,0.620271,0.0,0.0,0.0,S1PT25,PT
0.524014,0.0,0.697384,0.0,0.0,0.0,0.620271,0.0,0.0,0.167786,S1PT25,PT
0.524014,0.0,0.711616,0.0,0.0,0.0,0.691962,0.0,0.0,0.0,S1PT25,PT
0.0,0.0,0.0,0.0,0.0,0.532837,0.0,0.0,0.0,0.985755,S1HC15,HC
0.0,0.0,0.0,0.530995,0.0,0.0,0.0,0.0,0.0,0.440144,S1HC15,HC
0.46273,0.0,0.0,0.62753,0.0,0.389621,0.0,0.0,0.0,0.0,S1HC15,HC
0.46273,0.0,0.0,0.62753,0.0,0.389621,0.662856,0.0,0.291051,0.0,S1HC15,HC
0.46273,0.0,0.0,0.62753,0.0,0.389621,0.0,0.0,0.0,0.0,S1HC15,HC
0.231365,0.0,0.0,0.313765,0.0,0.461229,0.0,0.0,0.0,0.492877,S1HC15,HC
0.385608,0.0,0.0,0.522942,0.0,0.413491,0.220952,0.0,0.0970169,0.164292,S1HC15,HC
0.46273,0.0,0.0,0.62753,0.0,0.389621,0.0,0.0,0.0,0.0,S1HC15,HC
0.46273,0.0,0.0,0.62753,0.0,0.389621,0.0,0.0,0.291051,0.0,S1HC15,HC
0.231365,0.0,0.0,0.313765,0.0,0.389621,0.662856,0.694387,0.0,0.0,S1HC15,HC
0.0,0.0,0.60843,0.0,0.0,0.0,0.0,0.0,0.0,0.0,S1HC15,HC
0.46273,0.0,0.0,0.62753,0.0,0.389621,0.0,0.0,0.0,0.0,S1HC15,HC
0.46273,0.0,0.0,0.62753,0.0,0.389621,0.0,0.0,0.291051,0.0,S1HC15,HC
0.308487,0.0,0.121686,0.418353,0.0,0.316471,0.176762,0.138877,0.0776135,0.0328585,S1HC15,HC
0.46273,0.0,0.0,0.62753,0.0,0.389621,0.0,0.0,0.291051,0.0,S1HC15,HC
0.46273,0.0,0.0,0.62753,0.0,0.389621,0.0,0.138877,0.291051,0.0,S1HC15,HC
0.308487,0.0,0.121686,0.418353,0.0,0.316471,0.0,0.0,0.0,0.0328585,S1HC15,HC
0.385608,0.0,0.060843,0.522942,0.0,0.353046,0.0883808,0.0694387,0.184332,0.0164292,S1HC15,HC
0.411316,0.0,0.040562,0.557805,0.0,0.365238,0.0589205,0.0462924,0.122888,0.0109528,S1HC15,HC
0.406174,0.0,0.0446182,0.550832,0.0,0.362799,0.0294603,0.0509217,0.177864,0.0120481,S1HC15,HC
0.411316,0.0,0.040562,0.557805,0.0,0.353046,0.0589205,0.0462924,0.122888,0.0109528,S1HC15,HC
0.411316,0.0,0.040562,0.557805,0.0,0.365238,0.0589205,0.0694387,0.122888,0.0164292,S1HC15,HC
0.411316,0.0,0.040562,0.557805,0.0,0.365238,0.230843,0.0462924,0.0,0.0109528,S1HC15,HC
0.411316,0.0,0.040562,0.557805,0.0,0.365238,0.0589205,0.0462924,0.122888,0.0109528,S1HC15,HC
0.41003,0.0,0.0415761,0.556061,0.0,0.36158,0.0945361,0.0532363,0.10591,0.0125958,S1HC15,HC
0.529307,0.0,0.0,0.973996,0.0,0.0,0.986922,0.0,0.0,0.496361,S1HC15,HC
0.408745,0.0,0.0425901,0.554318,0.0,0.357923,0.0441904,0.0486071,0.150376,0.0115005,S1HC15,HC
0.406174,0.0,0.0446182,0.550832,0.0,0.362799,0.0294603,0.0509217,0.177864,0.0120481,S1HC15,HC
0.529307,0.0,0.0,0.973996,0.0,0.0,0.986922,0.0,0.0,0.496361,S1HC15,HC
0.406174,0.0,0.0446182,0.33057,0.0,0.0,0.0294603,0.0,0.177864,0.496361,S1HC15,HC
0.469026,0.0,0.0212951,0.764157,0.0,0.178961,0.515556,0.0243035,0.0751881,0.253931,S1HC15,HC
0.0,0.0,0.790369,0.0,0.0,0.0,0.0,0.0,0.0,0.0,S1HC15,HC
0.433114,0.0,0.0338693,0.638602,0.0,0.289508,0.242806,0.0398115,0.111408,0.108692,S1HC15,HC
0.0,0.0,0.0,0.628812,0.0,0.0,0.0,0.0,0.0,0.0,S1HC14,HC
0.0,0.0,0.0,0.0,0.0,0.0,0.0,0.0,0.0,0.0,S1HC14,HC
0.0,0.0,0.95147,0.0,0.0,0.0,0.0,0.0,0.0,0.0,S1HC14,HC
0.280371,0.0,0.0,0.993248,0.0,0.0,0.0,0.0,0.0,0.0,S1HC14,HC
0.0,0.0,0.0,0.0,0.323794,0.0,0.0,0.0,0.118583,0.0,S1HC14,HC
0.0,0.0,0.0,0.628812,0.0,0.0,0.0,0.0,0.0,0.0,S1HC14,HC
0.0,0.0,0.0,0.10715,0.0,0.0,0.0,0.0,0.0,0.0,S1HC14,HC
0.0,0.0,0.0,0.314406,0.0,0.0,0.0,0.0,0.0,0.0,S1HC14,HC
0.0,0.0,0.0,0.628812,0.0,0.0,0.0,0.0,0.0,0.0,S1HC14,HC
0.0467286,0.0,0.158578,0.340603,0.0539656,0.0,0.0,0.0,0.0197638,0.0,S1HC14,HC
0.918356,0.0,0.0,0.0,0.70091,0.0,0.0,0.0,0.0,0.0,S1HC14,HC
0.0467286,0.0,0.158578,0.340603,0.0539656,0.0,0.0,0.0,0.0197638,0.0,S1HC14,HC
0.0,0.0,0.158578,0.340603,0.0539656,0.0,0.0,0.0,0.0,0.857064,S1HC14,HC
0.0,0.0,0.158578,0.628812,0.507381,0.0,0.0,0.0,0.0,0.0,S1HC14,HC
0.0,0.0,0.0,0.340603,0.0,0.0,0.0,0.0,0.0,0.0,S1HC14,HC
0.193017,0.0,0.095147,0.330124,0.263244,0.0,0.0,0.0,0.00395277,0.171413,S1HC14,HC
0.918356,0.0,0.158578,0.0,0.0539656,0.0,0.0,0.0,0.0197638,0.0,S1HC14,HC
0.459178,0.0,0.0,0.170301,0.350455,0.0,0.0,0.0,0.0,0.0,S1HC14,HC
0.918356,0.0,0.0,0.0,0.70091,0.0,0.0,0.0,0.0,0.0,S1HC14,HC
0.918356,0.0,0.0,0.0,0.70091,0.0,0.0,0.0,0.0,0.0,S1HC14,HC
0.688767,0.0,0.0,0.0851507,0.525682,0.0,0.0,0.0,0.0,0.0,S1HC14,HC
0.193017,0.0,0.158578,0.330124,0.0539656,0.0,0.0,0.0,0.00395277,0.202583,S1HC14,HC
0.622227,0.0,0.0634314,0.125106,0.342144,0.0,0.0,0.0,0.00592915,0.0428532,S1HC14,HC
0.459178,0.0,0.0,0.170301,0.350455,0.0,0.0,0.0,0.406479,0.0,S1HC14,HC
0.688767,0.0,0.0,0.0851507,0.525682,0.0,0.0,0.0,0.20324,0.0,S1HC14,HC
0.576309,0.0,0.0444019,0.142136,0.394631,0.0,0.0,0.0,0.0832722,0.0490873,S1HC14,HC
0.918356,0.0,0.0,0.0,0.70091,0.0,0.0,0.0,0.0,0.0,S1HC14,HC
0.459178,0.0,0.0,0.170301,0.350455,0.0,0.0,0.0,0.406479,0.651406,S1HC14,HC
0.918356,0.0,0.0,0.0,0.70091,0.0,0.0,0.0,0.20324,0.0,S1HC14,HC
0.918356,0.0,0.0,0.0,0.70091,0.0,0.0,0.0,0.0,0.0,S1HC14,HC
0.747333,0.0,0.022201,0.0710682,0.54777,0.0,0.0,0.0,0.0416361,0.0245437,S1HC14,HC
0.660653,0.0,0.0111005,0.0993971,0.492919,0.0,0.0,0.0,0.173248,0.175123,S1HC14,HC
0.143104,0.0,0.0,0.0,0.0,0.0,0.0,0.0,0.674209,0.0,S1PT24,PT
0.0,0.0,0.611371,0.0,0.0,0.800511,0.0,0.0,0.0,0.497971,S1PT24,PT
0.143104,0.0,0.0,0.0,0.0,0.0,0.0,0.0,0.674209,0.0,S1PT24,PT
0.0715519,0.0,0.305686,0.0,0.0,0.400256,0.0,0.0,0.337104,0.248986,S1PT24,PT
0.143104,0.0,0.0,0.0,0.0,0.0,0.613992,0.0,0.674209,0.0,S1PT24,PT
0.0,0.0,0.611371,0.0,0.0,0.235251,0.0,0.0,0.674209,0.497971,S1PT24,PT
0.0,0.0,0.611371,0.0,0.0,0.800511,0.0,0.0,0.0,0.497971,S1PT24,PT
0.0,0.0,0.611371,0.0,0.0,0.800511,0.0,0.0,0.0,0.0,S1PT24,PT
0.0,0.0,0.611371,0.0,0.0,0.800511,0.0,0.0,0.0,0.497971,S1PT24,PT
0.0,0.0,0.611371,0.0,0.0,0.800511,0.0,0.0,0.0,0.497971,S1PT24,PT
0.0596266,0.0,0.356633,0.0,0.0,0.372755,0.102332,0.0,0.393289,0.207488,S1PT24,PT
0.0715519,0.0,0.305686,0.242958,0.0,0.400256,0.0,0.0,0.337104,0.248986,S1PT24,PT
0.0,0.0,0.0,0.0,0.0,0.800511,0.0,0.0,0.674209,0.0,S1PT24,PT
0.0,0.256007,0.611371,0.0,0.0,0.235251,0.0,0.0,0.674209,0.497971,S1PT24,PT
0.0,0.0,0.611371,0.0,0.0,0.800511,0.0,0.0,0.0,0.497971,S1PT24,PT
0.0,0.0,0.0,0.0,0.0,0.800511,0.0,0.0,0.674209,0.0,S1PT24,PT
0.718935,0.0,0.305686,0.242958,0.0,0.400256,0.0,0.0,0.337104,0.248986,S1PT24,PT
0.0218631,0.0426679,0.416072,0.040493,0.0,0.568299,0.0170553,0.0,0.346468,0.325065,S1PT24,PT
0.0715519,0.814728,0.305686,0.242958,0.0,0.400256,0.0,0.0,0.337104,0.248986,S1PT24,PT
0.0,0.256007,0.0,0.0,0.0,0.235251,0.0,0.0,0.674209,0.0,S1PT24,PT
0.135392,0.185567,0.273136,0.0877349,0.0,0.534181,0.00284255,0.0,0.394849,0.220168,S1PT24,PT
0.201995,0.814728,0.305686,0.242958,0.0,0.400256,0.0,0.0,0.346468,0.248986,S1PT24,PT
0.718935,0.0,0.305686,0.242958,0.0,0.400256,0.0,0.0,0.337104,0.248986,S1PT24,PT
0.530799,0.0,0.0,0.0,0.0,0.0,0.0,0.0,0.0,0.0,S1PT24,PT
0.0,0.0,0.611371,0.0,0.0,0.800511,0.0,0.0,0.0,0.497971,S1PT24,PT
0.0,0.256007,0.0,0.242958,0.0,0.400256,0.0,0.0,0.674209,0.0,S1PT24,PT
0.359468,0.0,0.152843,0.121479,0.0,0.600384,0.0,0.0,0.505657,0.124493,S1PT24,PT
0.718935,0.0,0.305686,0.242958,0.0,0.400256,0.0,0.0,0.337104,0.248986,S1PT24,PT
0.0,0.256007,0.273136,0.242958,0.0,0.534181,0.0,0.0,0.674209,0.0,S1PT24,PT
0.359468,0.128004,0.152843,0.242958,0.0,0.400256,0.0,0.0,0.505657,0.124493,S1PT24,PT
0.359468,0.0,0.152843,0.121479,0.0,0.534181,0.0,0.0,0.505657,0.124493,S1PT24,PT
0.278084,0.179472,0.235532,0.134013,0.0,0.447978,0.000406079,0.0,0.322613,0.191515,S1PT24,PT
0.0,0.185567,0.273136,0.0877349,0.0,0.534181,0.00284255,0.0,0.674209,0.220168,S1PT24,PT
0.718935,0.128004,0.152843,0.242958,0.0,0.400256,0.0,0.0,0.505657,0.124493,S1PT24,PT
0.0,0.0,0.305686,0.242958,0.0,0.534181,0.00284255,0.0,0.674209,0.248986,S1PT24,PT
0.359468,0.128004,0.289411,0.242958,0.0,0.467218,0.0,0.0,0.505657,0.124493,S1PT24,PT
0.718935,0.0,0.305686,0.242958,0.0,0.400256,0.0,0.0,0.337104,0.248986,S1PT24,PT
0.278084,0.0,0.235532,0.134013,0.0,0.447978,0.000406079,0.0,0.322613,0.191515,S1PT24,PT
0.285992,0.124842,0.232196,0.178683,0.0,0.475172,0.000541439,0.0,0.503241,0.151609,S1PT24,PT
0.285992,0.128004,0.152843,0.242958,0.0,0.400256,0.0,0.0,0.505657,0.124493,S1PT24,PT
0.278084,0.0,0.235532,0.178683,0.0,0.447978,0.000406079,0.347215,0.503241,0.191515,S1PT24,PT
0.718935,0.0,0.305686,0.242958,0.0,0.400256,0.0,0.0,0.337104,0.248986,S1PT24,PT
0.393569,0.0634748,0.253559,0.214088,0.0,0.454177,0.000631679,0.0,0.474747,0.18168,S1PT24,PT
0.359468,0.128004,0.289411,0.242958,0.0,0.467218,0.0,0.0,0.505657,0.124493,S1PT24,PT
0.918787,0.0,0.0,0.0,0.0,0.0,0.0,0.0,0.0,0.0,S1PT24,PT
0.502464,0.0624208,0.268941,0.210821,0.0,0.437714,0.000270719,0.0,0.420173,0.200297,S1PT24,PT
0.16575,0.0,0.0,0.0,0.0,0.605926,0.782424,0.0,0.0,0.0,S1PT24,PT
0.764215,0.0,0.0,0.0,0.0,0.0,0.0,0.0,0.0,0.0,S1PT02,PT
0.0,0.0,0.0,0.0,0.0,0.0,0.0,0.0,0.0,0.0,S1PT02,PT
0.764215,0.0,0.0,0.0,0.0,0.0,0.0,0.0,0.0,0.0,S1PT02,PT
0.307491,0.0,0.0,0.0,0.21172,0.0,0.0,0.0,0.0,0.0,S1PT02,PT
0.764215,0.0,0.0,0.0,0.0,0.0,0.0,0.0,0.0,0.0,S1PT02,PT
0.425857,0.0,0.0,0.0,0.575942,0.0,0.658991,0.0,0.186948,0.0,S1PT02,PT
0.425857,0.0,0.0,0.0,0.575942,0.0,0.658991,0.0,0.186948,0.0,S1PT02,PT
0.425857,0.0,0.0,0.0,0.575942,0.0903813,0.0,0.0,0.186948,0.0,S1PT02,PT
0.0,0.0,0.0,0.0,0.0,0.33425,0.61272,0.0,0.211603,0.0,S1PT02,PT
0.425857,0.0,0.0,0.0,0.575942,0.0,0.508006,0.0,0.186948,0.0,S1PT02,PT
0.0,0.0,0.0,0.0,0.0167852,0.33425,0.61272,0.0,0.211603,0.0,S1PT02,PT
0.425857,0.0,0.0,0.0,0.575942,0.0,0.988425,0.0,0.186948,0.0,S1PT02,PT
0.0,0.0,0.0,0.0,0.575942,0.33425,0.61272,0.0,0.186948,0.0,S1PT02,PT
0.425857,0.0,0.0,0.0,0.575942,0.33425,0.61272,0.0,0.211603,0.0,S1PT02,PT
0.0,0.894858,0.822551,0.0,0.0,0.0,0.0,0.0,0.0,0.0,S1PT02,PT
0.425857,0.0,0.0,0.0,0.575942,0.33425,0.61272,0.0,0.211603,0.0,S1PT02,PT
0.0,0.0,0.0,0.00722724,0.702316,0.0,0.0,0.407732,0.0,0.0,S1HC09,HC
0.487943,0.0,0.0,0.0,0.0,0.0,0.0,0.0,0.0,0.0,S1HC09,HC
0.0,0.0,0.0,0.0,0.0,0.906693,0.0,0.0,0.0,0.0,S1HC09,HC
0.487943,0.0,0.0,0.00722724,0.702316,0.0,0.0,0.407732,0.0,0.952404,S1HC09,HC
0.162648,0.0,0.0,0.00240908,0.234105,0.302231,0.0,0.135911,0.0,0.0,S1HC09,HC
0.243972,0.0,0.0,0.00361362,0.351158,0.0,0.0,0.203866,0.0,0.0,S1HC09,HC
0.487943,0.0,0.0,0.00361362,0.351158,0.0,0.0,0.203866,0.0,0.952404,S1HC09,HC
0.487943,0.0,0.0,0.00240908,0.234105,0.0,0.0,0.407732,0.0,0.0,S1HC09,HC
0.162648,0.0,0.0,0.00240908,0.234105,0.302231,0.0,0.135911,0.0,0.0,S1HC09,HC
0.487943,0.215456,0.0,0.00240908,0.234105,0.0,0.920002,0.407732,0.0,0.0,S1HC09,HC
0.487943,0.0,0.0,0.00361362,0.351158,0.0,0.0,0.203866,0.0,0.952404,S1HC09,HC
0.379511,0.0,0.0,0.0028106,0.273123,0.100744,0.0,0.249169,0.0,0.317468,S1HC09,HC
0.487943,0.0,0.0,0.00240908,0.351158,0.0,0.0,0.407732,0.0,0.0,S1HC09,HC
0.460835,0.053864,0.0,0.0028106,0.302386,0.0251859,0.230001,0.317125,0.0,0.317468,S1HC09,HC
0.497631,0.985626,0.0,0.0,0.0,0.0,0.0,0.0,0.0,0.0,S1HC09,HC
0.487943,0.0,0.0,0.00361362,0.351158,0.0,0.0,0.203866,0.0,0.952404,S1HC09,HC
0.433727,0.107728,0.0,0.00260984,0.253614,0.0503718,0.460001,0.32845,0.0,0.158734,S1HC09,HC
0.460835,0.053864,0.0,0.0028106,0.0248091,0.0251859,0.230001,0.317125,0.0,0.317468,S1HC09,HC
0.460835,0.053864,0.0,0.0028106,0.302386,0.0251859,0.230001,0.317125,0.0,0.317468,S1HC09,HC
0.470034,0.286804,0.0,0.00225851,0.226789,0.0188894,0.1725,0.21236,0.0,0.357151,S1HC09,HC
0.447281,0.0807959,0.0,0.00271022,0.278,0.0377789,0.345001,0.322787,0.0,0.238101,S1HC09,HC
0.470034,0.053864,0.0,0.00225851,0.0248091,0.886105,0.1725,0.21236,0.0,0.357151,S1HC09,HC
0.460835,0.053864,0.0,0.323269,0.302386,0.0251859,0.230001,0.317125,0.0,0.317468,S1HC09,HC
0.454058,0.0673299,0.0,0.00276041,0.290193,0.0314824,0.287501,0.319956,0.0,0.277784,S1HC09,HC
0.459747,0.118832,0.0,0.00264748,0.207996,0.02676,0.244376,0.292349,0.0,0.307547,S1HC09,HC
0.460835,0.053864,0.0,0.0028106,0.302386,0.0251859,0.230001,0.317125,0.0,0.317468,S1HC09,HC
0.460835,0.053864,0.0,0.0028106,0.302386,0.0251859,0.230001,0.317125,0.0,0.317468,S1HC09,HC
0.460835,0.053864,0.725096,0.323269,0.730264,0.0251859,0.230001,0.317125,0.0,0.317468,S1HC09,HC
0.460835,0.053864,0.0,0.16304,0.302386,0.0251859,0.230001,0.317125,0.0,0.317468,S1HC09,HC
0.470034,0.053864,0.0,0.323269,0.0248091,0.886105,0.1725,0.317125,0.0,0.357151,S1HC09,HC
0.0,0.0,0.0,0.0,0.0,0.0,0.80708,0.0,0.0,0.0,S1PT17,PT
0.0,0.0,0.0,0.0,0.0,0.0,0.161323,0.903462,0.241187,0.893688,S1PT17,PT
0.0,0.0,0.244186,0.0,0.0,0.0,0.0,0.0,0.0,0.0,S1PT17,PT
0.0,0.0674003,0.0,0.0,0.0,0.0,0.0,0.345825,0.0,0.529901,S1PT17,PT
0.769598,0.0,0.0,0.0,0.0,0.0,0.0,0.0,0.799668,0.0,S1PT17,PT
0.0,0.0,0.0,0.0,0.0,0.0,0.161323,0.903462,0.241187,0.893688,S1PT17,PT
0.769598,0.0,0.0,0.0,0.0,0.0,0.0,0.0,0.799668,0.0,S1PT17,PT
0.256533,0.0224668,0.0,0.0,0.0,0.0,0.0537745,0.416429,0.346952,0.47453,S1PT17,PT
0.0,0.0674003,0.786133,0.0,0.0,0.0,0.0,0.0,0.799668,0.529901,S1PT17,PT
0.0,0.0674003,0.786133,0.0,0.0,0.0,0.0,0.912311,0.799668,0.0,S1PT17,PT
0.342044,0.0299557,0.262044,0.0,0.0,0.0,0.0179248,0.13881,0.648763,0.33481,S1PT17,PT
0.0,0.0674003,0.786133,0.0,0.0,0.0,0.0,0.0,0.799668,0.529901,S1PT17,PT
0.114015,0.0549188,0.611437,0.0,0.0,0.0,0.00597494,0.350374,0.749366,0.288237,S1PT17,PT
0.0,0.0674003,0.786133,0.0,0.0,0.0,0.0179248,0.912311,0.799668,0.0,S1PT17,PT
0.0,0.0674003,0.786133,0.0,0.0,0.0,0.0,0.912311,0.799668,0.0,S1PT17,PT
0.0,0.0674003,0.786133,0.288571,0.0,0.0,0.0,0.912311,0.799668,0.0,S1PT17,PT
0.0,0.0674003,0.786133,0.0,0.0,0.0,0.0179248,0.912311,0.799668,0.0,S1PT17,PT
0.0570073,0.0611596,0.698785,0.0,0.0,0.0,0.00298747,0.631343,0.774517,0.144119,S1PT17,PT
0.0,0.0674003,0.786133,0.0,0.0,0.0,0.0179248,0.912311,0.799668,0.0,S1PT17,PT
0.0,0.0611596,0.786133,0.0,0.0,0.0,0.560286,0.631343,0.774517,0.144119,S1PT17,PT
0.0190024,0.0653201,0.757017,0.0961904,0.0,0.0,0.00697077,0.818655,0.791285,0.0480395,S1PT17,PT
0.0,0.0642799,0.786133,0.0,0.0,0.0,0.289105,0.771827,0.787093,0.0720593,S1PT17,PT
0.0190024,0.0653201,0.757017,0.0961904,0.0,0.0,0.0179248,0.818655,0.799668,0.0480395,S1PT17,PT
0.00633414,0.0646267,0.776428,0.0320635,0.0,0.0,0.195061,0.787436,0.78849,0.0640527,S1PT17,PT
0.876958,0.0,0.0,0.442073,0.0,0.0,0.0,0.0,0.0,0.0,S1HC27,HC
0.857489,0.0,0.0,0.0,0.0,0.0,0.0,0.0,0.903157,0.0,S1HC27,HC
0.867223,0.0,0.0,0.221037,0.0,0.0,0.0,0.0,0.451578,0.0,S1HC27,HC
0.876958,0.0,0.0,0.442073,0.0,0.0,0.0,0.0,0.0,0.0,S1HC27,HC
0.857489,0.0,0.0,0.0,0.0,0.0,0.0,0.0,0.903157,0.0,S1HC27,HC
0.876958,0.0,0.0,0.442073,0.0,0.0,0.879671,0.0,0.0,0.0,S1HC27,HC
0.876958,0.0,0.0,0.442073,0.892831,0.0,0.0,0.0,0.0,0.0,S1HC27,HC
0.871117,0.0,0.0,0.309451,0.178566,0.0,0.175934,0.0,0.270947,0.0,S1HC27,HC
0.876958,0.0,0.0,0.442073,0.0,0.0,0.0,0.0,0.0,0.0,S1HC27,HC
0.867223,0.0,0.0,0.221037,0.0,0.0,0.0,0.0,0.451578,0.0,S1HC27,HC
0.867223,0.0,0.0,0.442073,0.0,0.0,0.0,0.0,0.451578,0.177113,S1HC27,HC
0.871117,0.0,0.0,0.309451,0.178566,0.0,0.175934,0.0,0.270947,0.0,S1HC27,HC
0.867223,0.0,0.0,0.442073,0.0,0.0,0.0,0.0,0.451578,0.177113,S1HC27,HC
0.867223,0.0,0.0,0.309451,0.0,0.0,0.0,0.0,0.451578,0.0,S1HC27,HC
0.871117,0.0,0.0,0.442073,0.0,0.0,0.0,0.0,0.270947,0.177113,S1HC27,HC
0.87063,0.0,0.0,0.353659,0.0446416,0.0,0.0439835,0.0,0.293526,0.0442784,S1HC27,HC
0.867223,0.254124,0.0,0.442073,0.0,0.0,0.0,0.0,0.451578,0.0442784,S1HC27,HC
0.867223,0.0,0.0,0.442073,0.0,0.0,0.421353,0.0,0.270947,0.0,S1HC27,HC
0.871117,0.0,0.0,0.442073,0.0,0.0,0.0,0.0,0.270947,0.177113,S1HC27,HC
0.86917,0.0,0.0,0.375762,0.0,0.0,0.0,0.0,0.361263,0.0885567,S1HC27,HC
0.869462,0.0,0.0,0.371342,0.0446416,0.0,0.0439835,0.0,0.347715,0.0797011,S1HC27,HC
0.867223,0.254124,0.0,0.442073,0.0,0.0,0.0,0.0,0.451578,0.0442784,S1HC27,HC
0.868839,0.0508249,0.0,0.414665,0.00892831,0.0,0.0930674,0.0,0.34049,0.0779299,S1HC27,HC
0.868197,0.127062,0.0,0.408918,0.0,0.0,0.0,0.0,0.406421,0.0664176,S1HC27,HC
0.867223,0.0,0.0,0.442073,0.0,0.0956959,0.421353,0.0,0.270947,0.0797011,S1HC27,HC
0.868197,0.127062,0.0,0.408918,0.0,0.0,0.0,0.0,0.406421,0.0664176,S1HC27,HC
0.86771,0.190593,0.0,0.425496,0.0,0.0,0.0,0.0,0.428999,0.055348,S1HC27,HC
0.86787,0.108003,0.0,0.426932,0.00223208,0.023924,0.128605,0.0,0.367359,0.0670817,S1HC27,HC
0.868197,0.127062,0.0,0.408918,0.0,0.0,0.0,0.0,0.406421,0.0664176,S1HC27,HC
0.86771,0.190593,0.0,0.425496,0.0,0.0,0.0,0.0807746,0.428999,0.0664176,S1HC27,HC
0.867953,0.158828,0.0,0.417207,0.0,0.0,0.0,0.0,0.41771,0.0608828,S1HC27,HC
0.867926,0.141886,0.0,0.420449,0.000744026,0.00797466,0.0428684,0.0,0.400926,0.0629491,S1HC27,HC
0.868197,0.127062,0.0,0.408918,0.0,0.023924,0.128605,0.785524,0.406421,0.0664176,S1HC27,HC
0.868197,0.127062,0.0,0.426932,0.0,0.023924,0.128605,0.0,0.406421,0.0664176,S1HC27,HC
0.838607,0.0,0.0,0.0,0.0,0.0,0.0,0.0,0.0,0.0,S1HC01,HC
0.255778,0.0,0.0,0.0,0.0,0.0,0.0,0.0,0.0,0.0,S1HC01,HC
0.0,0.831982,0.099996,0.0,0.0,0.0,0.0,0.0,0.0,0.0,S1HC01,HC
0.838607,0.268385,0.0,0.0,0.0,0.0,0.0,0.0,0.0,0.0,S1HC01,HC
0.838607,0.0,0.0,0.0,0.0,0.0,0.770818,0.0,0.0,0.0,S1HC01,HC
0.838607,0.0,0.0,0.0,0.0,0.0,0.0,0.0,0.0,0.0,S1HC01,HC
0.0,0.831982,0.099996,0.0,0.0,0.0,0.0,0.0,0.0,0.0,S1HC01,HC
0.929413,0.0,0.0,0.0,0.0,0.0,0.0,0.0,0.0,0.0,S1HC01,HC
0.0,0.0767697,0.997341,0.0,0.0,0.116884,0.0,0.0,0.0,0.0,S1HC01,HC
0.574206,0.196189,0.18289,0.0,0.0,0.0194806,0.12847,0.0,0.0,0.0,S1HC01,HC
0.838607,0.268385,0.0,0.0,0.0,0.0,0.0,0.0,0.0,0.0,S1HC01,HC
0.894089,0.0641305,0.0,0.0,0.0,0.0,0.0,0.0,0.0,0.0,S1HC01,HC
0.838607,0.966332,0.0,0.0,0.0,0.116884,0.0,0.0,0.0,0.0,S1HC01,HC
0.838607,0.268385,0.0,0.0,0.0,0.0,0.0,0.0,0.0,0.0,S1HC01,HC
0.838607,0.268385,0.0,0.0,0.0,0.0,0.0,0.0,0.0,0.0,S1HC01,HC
0.894089,0.268385,0.0,0.0,0.0,0.0,0.0,0.0,0.0,0.0,S1HC01,HC
0.796823,0.352684,0.0365779,0.0,0.0,0.0272729,0.0256939,0.0,0.0,0.0,S1HC01,HC
0.838607,0.268385,0.0,0.0,0.0,0.0,0.0,0.0,0.0,0.0,S1HC01,HC
0.796823,0.352684,0.0365779,0.0,0.0,0.0272729,0.831099,0.0,0.0,0.0,S1HC01,HC
0.843173,0.296485,0.0121926,0.0,0.0,0.00909095,0.00856464,0.0,0.0,0.0,S1HC01,HC
0.866348,0.268385,0.0,0.0,0.0,0.0,0.0,0.0,0.0,0.0,S1HC01,HC
0.836238,0.296485,0.0121926,0.0,0.0,0.00909095,0.209916,0.0,0.0,0.0,S1HC01,HC
0.817715,0.310535,0.018289,0.0,0.0,0.0136364,0.415549,0.0,0.0,0.0,S1HC01,HC
0.796823,0.352684,0.0365779,0.0,0.0,0.0272729,0.831099,0.0,0.0,0.0,S1HC01,HC
0.866348,0.268385,0.5677,0.0,0.0,0.0,0.0,0.136329,0.0,0.0,S1HC01,HC
0.817715,0.310535,0.5677,0.0,0.0,0.0,0.415549,0.42919,0.0,0.0,S1HC01,HC
0.866348,0.268385,0.5677,0.0,0.0,0.0,0.0,0.136329,0.0,0.0,S1HC01,HC
0.817715,0.352684,0.018289,0.0,0.0,0.0272729,0.415549,0.0,0.0,0.0,S1HC01,HC
0.829281,0.307022,0.15869,0.0,0.0,0.0125001,0.364141,0.0340822,0.0,0.0,S1HC01,HC
0.0,0.784239,0.831986,0.0,0.0,0.0,0.0,0.0,0.0,0.0,S1HC01,HC
0.823498,0.329853,0.0884894,0.0,0.0,0.0198865,0.389845,0.0170411,0.0,0.0,S1HC01,HC
0.829281,0.307022,0.5677,0.0,0.0,0.559561,0.0,0.0340822,0.0,0.0,S1HC01,HC
0.352178,0.268385,0.5677,0.0,0.0,0.0,0.0,0.136329,0.0,0.0,S1HC01,HC
0.832765,0.309656,0.328095,0.0,0.0,0.00994323,0.29881,0.1499,0.0,0.0,S1HC01,HC
0.829281,0.307022,0.15869,0.0,0.0,0.0125001,0.364141,0.0340822,0.0,0.0,S1HC01,HC
0.0,0.475925,0.0,0.330848,0.0,0.0,0.530018,0.478663,0.0,0.0,S1PT18,PT
0.626787,0.0,0.0,0.187661,0.0,0.0,0.702561,0.0,0.760264,0.0,S1PT18,PT
0.0,0.0,0.0,0.0,0.0,0.0,0.0,0.0,0.0,0.0,S1PT18,PT
0.626787,0.0,0.0,0.187661,0.0,0.0,0.702561,0.0,0.141758,0.0,S1PT18,PT
0.626787,0.0,0.0,0.187661,0.0,0.0,0.702561,0.0,0.760264,0.0,S1PT18,PT
0.313394,0.0,0.0,0.0938306,0.0,0.0,0.351281,0.0,0.380132,0.0,S1PT18,PT
0.626787,0.0,0.0,0.187661,0.0,0.0,0.702561,0.0,0.141758,0.0,S1PT18,PT
0.626787,0.0,0.0,0.187661,0.0,0.0,0.702561,0.0,0.380132,0.0,S1PT18,PT
0.626787,0.0,0.0,0.187661,0.0,0.0,0.702561,0.0,0.141758,0.0,S1PT18,PT
0.313394,0.0,0.0,0.0938306,0.315836,0.0,0.702561,0.0,0.292988,0.0,S1PT18,PT
0.626787,0.0,0.0,0.187661,0.0,0.0,0.702561,0.0,0.141758,0.0,S1PT18,PT
0.548439,0.0,0.0,0.164204,0.0789591,0.0,0.702561,0.0,0.239159,0.0,S1PT18,PT
0.626787,0.0,0.666493,0.187661,0.416596,0.0,0.702561,0.0,0.141758,0.0,S1PT18,PT
0.626787,0.0,0.0,0.187661,0.0,0.0,0.302901,0.0,0.141758,0.0,S1PT18,PT
0.626787,0.0,0.0,0.187661,0.0,0.0,0.702561,0.0,0.141758,0.0,S1PT18,PT
0.626787,0.0,0.333246,0.187661,0.208298,0.0,0.502731,0.0,0.141758,0.0,S1PT18,PT
0.626787,0.0,0.666493,0.187661,0.416596,0.0,0.702561,0.0,0.141758,0.0,S1PT18,PT
0.611118,0.0,0.133299,0.18297,0.099111,0.0,0.622629,0.0,0.161238,0.0,S1PT18,PT
0.548439,0.0,0.0,0.187661,0.0789591,0.0,0.702561,0.0,0.644799,0.0,S1PT18,PT
0.611118,0.0,0.684021,0.18297,0.099111,0.0,0.622629,0.0,0.161238,0.0,S1PT18,PT
0.626787,0.0,0.333246,0.187661,0.208298,0.0,0.502731,0.0,0.141758,0.0,S1PT18,PT
0.626787,0.0,0.49987,0.187661,0.312447,0.0,0.602646,0.0,0.141758,0.0,S1PT18,PT
0.603283,0.0,0.283259,0.186488,0.200741,0.0,0.632621,0.0,0.272388,0.0,S1PT18,PT
0.611118,0.0,0.684021,0.18297,0.099111,0.0,0.622629,0.0,0.161238,0.0,S1PT18,PT
0.626787,0.0,0.333246,0.187661,0.208298,0.0,0.632621,0.0,0.141758,0.0,S1PT18,PT
0.626787,0.0,0.49987,0.187661,0.312447,0.0,0.602646,0.0,0.141758,0.0,S1PT18,PT
0.626787,0.0,0.49987,0.187661,0.312447,0.0,0.602646,0.0,0.141758,0.0,S1PT18,PT
0.618952,0.0,0.508634,0.185315,0.153704,0.0,0.56268,0.0,0.151498,0.0,S1PT18,PT
0.616994,0.0,0.450099,0.186195,0.205149,0.0,0.590157,0.0,0.179285,0.0,S1PT18,PT
0.621238,0.0,0.495957,0.186244,0.215193,0.0,0.60223,0.0,0.152882,0.0,S1PT18,PT
0.618952,0.0,0.508634,0.185315,0.153704,0.0,0.627625,0.0,0.151498,0.0,S1PT18,PT
0.626787,0.0,0.333246,0.187661,0.208298,0.0,0.632621,0.0,0.141758,0.0,S1PT18,PT
0.762151,0.0,0.0,0.0,0.0,0.0,0.0,0.0,0.0,0.0,S1HC20,HC
0.0,0.0,0.0,0.0,0.0,0.0,0.0,0.0,0.0,0.0,S1HC20,HC
0.762151,0.0,0.0,0.0,0.0,0.0,0.0,0.0,0.0,0.0,S1HC20,HC
0.0,0.0,0.0,0.0,0.0,0.0,0.0312908,0.0,0.742137,0.0,S1HC20,HC
0.0,0.0,0.0,0.127774,0.623536,0.0,0.0,0.0,0.0,0.0,S1HC20,HC
0.0,0.0,0.819939,0.0,0.0,0.0,0.0,0.0,0.0,0.0,S1HC20,HC
0.0,0.0,0.0,0.0,0.769195,0.0,0.0,0.0,0.203511,0.0,S1HC20,HC
0.0,0.0,0.0,0.0,0.0,0.0,0.638083,0.0,0.0,0.0,S1HC20,HC
0.0,0.0,0.0,0.0,0.769195,0.0,0.0,0.0,0.203511,0.0,S1HC20,HC
0.0,0.0,0.211582,0.0,0.0,0.0,0.0312908,0.0,0.742137,0.0,S1HC20,HC
0.440838,0.0,0.0,0.0,0.0,0.0,0.0,0.363861,0.0,0.0,S1HC20,HC
0.440838,0.0,0.0,0.0,0.0,0.0,0.0,0.363861,0.0,0.0,S1HC20,HC
0.0,0.0,0.0,0.0,0.0,0.0,0.0,0.0,0.203511,0.0,S1HC20,HC
0.11021,0.0,0.0528956,0.0,0.192299,0.0,0.167344,0.0909652,0.236412,0.0,S1HC20,HC
0.0,0.132623,0.0,0.0,0.0,0.0,0.0,0.0,0.600619,0.0,S1HC20,HC
0.0,0.0,0.0,0.0,0.0,0.0,0.638083,0.0,0.0,0.0,S1HC20,HC
0.0,0.231361,0.0,0.0,0.0,0.0,0.0,0.520403,0.0,0.0,S1HC20,HC
0.0,0.0,0.263598,0.0,0.0,0.0,0.0,0.0,0.600619,0.0,S1HC20,HC
0.0918413,0.0606639,0.00881593,0.0,0.0320498,0.0,0.134238,0.162538,0.173424,0.0,S1HC20,HC
0.0551048,0.0,0.0264478,0.0,0.0961493,0.0,0.402714,0.0454826,0.118206,0.0,S1HC20,HC
0.0,0.0,0.0,0.0,0.0,0.0,0.638083,0.0,0.203511,0.0,S1HC20,HC
0.0551048,0.0,0.0264478,0.0,0.0961493,0.0,0.402714,0.0,0.118206,0.0,S1HC20,HC
0.0551048,0.0,0.0264478,0.0,0.0961493,0.0,0.402714,0.162538,0.118206,0.0,S1HC20,HC
0.0,0.0,0.0,0.0,0.0,0.0,0.638083,0.0,0.203511,0.0,S1HC20,HC
0.0275524,0.0,0.0132239,0.0,0.0480747,0.0,0.520399,0.0227413,0.160858,0.0,S1HC20,HC
0.0367365,0.015166,0.0747154,0.0,0.0320498,0.0,0.293759,0.0520052,0.27394,0.0,S1HC20,HC
0.0275524,0.0,0.0132239,0.0,0.0480747,0.0,0.520399,0.606762,0.160858,0.0,S1HC20,HC
0.0,0.0,0.0747154,0.0,0.0320498,0.0,0.293759,0.0520052,0.27394,0.0,S1HC20,HC
0.0367365,0.015166,0.0747154,0.0,0.0320498,0.0,0.293759,0.0520052,0.27394,0.0,S1HC20,HC
0.0,0.0,0.0,0.0,0.0,0.0,0.520399,0.0,0.203511,0.0,S1HC20,HC
0.0459207,0.00758298,0.0505816,0.0,0.0640996,0.0,0.348236,0.0260026,0.196073,0.0,S1HC20,HC
0.0459207,0.00758298,0.0505816,0.0,0.0640996,0.0,0.348236,0.0260026,0.196073,0.0,S1HC20,HC
0.0367365,0.00379149,0.0319027,0.0,0.0560871,0.0,0.434317,0.316382,0.178466,0.0,S1HC20,HC
0.0220419,0.00454979,0.0426473,0.0,0.0352548,0.0,0.39531,0.147355,0.221664,0.0,S1HC20,HC
0.0459207,0.0,0.0505816,0.0,0.0640996,0.0,0.348236,0.0260026,0.0886828,0.0,S1HC20,HC
0.0,0.015166,0.0747154,0.0,0.0320498,0.0,0.293759,0.0520052,0.27394,0.0,S1HC20,HC
0.690406,0.758492,0.0,0.0,0.73803,0.0,0.0,0.0,0.0,0.996862,S1PT05,PT
0.774601,0.0,0.0,0.0,0.0,0.492081,0.0,0.0,0.0,0.0,S1PT05,PT
0.690406,0.758492,0.0,0.0,0.73803,0.0,0.0,0.0,0.0,0.996862,S1PT05,PT
0.774601,0.758492,0.0,0.0,0.73803,0.0,0.0,0.0,0.131793,0.996862,S1PT05,PT
0.774601,0.758492,0.0,0.866431,0.73803,0.0,0.0,0.0,0.131793,0.996862,S1PT05,PT
0.774601,0.758492,0.0,0.0,0.73803,0.0,0.0,0.0,0.131793,0.996862,S1PT05,PT
0.774601,0.758492,0.0,0.0,0.73803,0.0,0.0,0.0,0.131793,0.996862,S1PT05,PT
0.774601,0.758492,0.0,0.866431,0.73803,0.0,0.0,0.0,0.131793,0.996862,S1PT05,PT
0.774601,0.758492,0.0,0.0,0.73803,0.0,0.0,0.0,0.131793,0.722897,S1PT05,PT
0.774601,0.758492,0.0,0.866431,0.73803,0.0,0.0,0.0,0.131793,0.996862,S1PT05,PT
0.774601,0.758492,0.748702,0.0,0.73803,0.0,0.0,0.0,0.131793,0.722897,S1PT05,PT
0.774601,0.758492,0.0,0.868475,0.73803,0.0,0.0,0.0,0.425854,0.996862,S1PT05,PT
0.774601,0.758492,0.748702,0.0,0.73803,0.0,0.0,0.0,0.425854,0.722897,S1PT05,PT
0.0827797,0.758492,0.748702,0.0,0.73803,0.0,0.0,0.0,0.425854,0.722897,S1PT05,PT
0.774601,0.758492,0.748702,0.0,0.339399,0.0,0.0,0.0,0.425854,0.722897,S1PT05,PT
0.0,0.0,0.0,0.208968,0.0,0.0,0.0,0.0,0.87661,0.0,S1PT23,PT
0.0,0.678866,0.0,0.251217,0.0,0.0,0.839338,0.0,0.0,0.0,S1PT23,PT
0.0,0.8731,0.0,0.0,0.0,0.0,0.751072,0.0,0.0,0.0,S1PT23,PT
0.0,0.678866,0.0,0.251217,0.0,0.0,0.839338,0.0,0.87661,0.0,S1PT23,PT
0.0,0.8731,0.0,0.251217,0.0,0.600645,0.751072,0.0,0.87661,0.0,S1PT23,PT
0.0,0.0,0.0,0.0,0.0,0.268825,0.971774,0.0,0.0,0.0,S1PT23,PT
0.0,0.0,0.0,0.0,0.0,0.268825,0.971774,0.0,0.0,0.0,S1PT23,PT
0.0,0.8731,0.0,0.251217,0.0,0.600645,0.751072,0.0,0.87661,0.0,S1PT23,PT
0.0,0.0,0.0,0.487977,0.0,0.00447995,0.971774,0.0,0.0,0.0,S1PT23,PT
0.0,0.8731,0.0,0.251217,0.0,0.600645,0.751072,0.0,0.87661,0.0,S1PT23,PT
0.0,0.0,0.0,0.487977,0.0,0.244156,0.971774,0.371292,0.87661,0.0,S1PT23,PT
0.0,0.43655,0.0,0.369597,0.0,0.302563,0.861423,0.0,0.438305,0.0,S1PT23,PT
0.0,0.0,0.0,0.487977,0.0,0.244156,0.971774,0.0,0.87661,0.0,S1PT23,PT
0.0,0.43655,0.0,0.369597,0.0,0.302563,0.861423,0.0,0.438305,0.0,S1PT23,PT
0.0,0.777532,0.0,0.487977,0.0,0.302563,0.971774,0.0,0.87661,0.0,S1PT23,PT
0.0,0.0,0.0,0.487977,0.0,0.244156,0.971774,0.0,0.87661,0.0,S1PT23,PT
0.0,0.404694,0.0,0.448517,0.0,0.283094,0.93499,0.0,0.730508,0.0,S1PT23,PT
0.0,0.218275,0.0,0.428787,0.0,0.273359,0.916599,0.0,0.657457,0.0,S1PT23,PT
0.0,0.0,0.0,0.0,0.0,0.0,0.864421,0.0,0.0,0.0,S1HC13,HC
0.0,0.0,0.0,0.0,0.454269,0.0,0.0,0.0,0.0,0.19099,S1HC13,HC
0.870335,0.0,0.0,0.0,0.0,0.0,0.0,0.0,0.0,0.0,S1HC13,HC
0.0,0.0,0.400315,0.0,0.0,0.0,0.0,0.0,0.128639,0.751397,S1HC13,HC
0.0,0.0,0.67564,0.0,0.0,0.175878,0.0,0.0,0.128639,0.19099,S1HC13,HC
0.0,0.0,0.400315,0.0,0.0,0.0,0.0,0.0,0.128639,0.751397,S1HC13,HC
0.435168,0.0,0.200158,0.0,0.0,0.0,0.0,0.0,0.0643196,0.375698,S1HC13,HC
0.217584,0.0,0.100079,0.0,0.113567,0.0,0.216105,0.0,0.0321598,0.235597,S1HC13,HC
0.996293,0.0,0.67564,0.0,0.0,0.0,0.0,0.0,0.0643196,0.375698,S1HC13,HC
0.0,0.0,0.67564,0.0,0.0,0.175878,0.0,0.0,0.128639,0.19099,S1HC13,HC
0.0,0.0,0.67564,0.0,0.0,0.175878,0.0,0.0,0.0321598,0.19099,S1HC13,HC
0.435168,0.0,0.200158,0.502857,0.0,0.175878,0.0,0.0,0.0643196,0.375698,S1HC13,HC
0.435168,0.44362,0.200158,0.0,0.0,0.0,0.0452096,0.0,0.128639,0.375698,S1HC13,HC
0.163188,0.0,0.344048,0.0,0.0283918,0.0439694,0.0540263,0.0,0.0884394,0.388421,S1HC13,HC
0.338303,0.0739366,0.461881,0.0838096,0.00473196,0.095267,0.0165393,0.0,0.0844195,0.316249,S1HC13,HC
0.996293,0.0,0.67564,0.0,0.0,0.0,0.0,0.0,0.0643196,0.375698,S1HC13,HC
0.996293,0.0,0.67564,0.0,0.0,0.0,0.0,0.516906,0.0643196,0.388421,S1HC13,HC
0.667298,0.0369683,0.56876,0.0419048,0.00236598,0.0476335,0.00826966,0.258453,0.0743695,0.352335,S1HC13,HC
0.776963,0.0246455,0.604387,0.0279365,0.00157732,0.0317557,0.00551311,0.172302,0.0710195,0.360123,S1HC13,HC
0.996293,0.334607,0.67564,0.0838096,0.0,0.095267,0.0165393,0.0,0.0844195,0.388421,S1HC13,HC
0.996293,0.0,0.67564,0.0,0.0,0.0,0.0,0.516906,0.0643196,0.388421,S1HC13,HC
0.996293,0.0739366,0.461881,0.0,0.00473196,0.095267,0.767153,0.0,0.0844195,0.316249,S1HC13,HC
0.776963,0.0739366,0.461881,0.0,0.00473196,0.095267,0.767153,0.172302,0.0844195,0.316249,S1HC13,HC
0.886628,0.0492911,0.533134,0.0139683,0.00315464,0.0635113,0.386333,0.086151,0.0777195,0.338186,S1HC13,HC
0.776963,0.334607,0.67564,0.305241,0.0,0.095267,0.0165393,0.172302,0.0710195,0.388421,S1HC13,HC
0.886628,0.0940315,0.597262,0.0307302,0.00173505,0.0539846,0.159495,0.189532,0.0757095,0.36111,S1HC13,HC
0.996293,0.0739366,0.461881,0.0,0.00473196,0.095267,0.767153,0.0,0.0844195,0.316249,S1HC13,HC
0.886628,0.0739366,0.461881,0.0,0.00473196,0.095267,0.767153,0.086151,0.0844195,0.316249,S1HC13,HC
0.864695,0.125161,0.545959,0.069988,0.00287073,0.0806594,0.419335,0.124057,0.0786575,0.344043,S1HC13,HC
0.776963,0.0739366,0.461881,0.0,0.00473196,0.095267,0.767153,0.172302,0.0844195,0.316249,S1HC13,HC
0.864695,0.125161,0.545959,0.069988,0.00287073,0.0806594,0.419335,0.124057,0.0786575,0.344043,S1HC13,HC
0.875661,0.0995486,0.50392,0.034994,0.00380134,0.0879632,0.593244,0.105104,0.0815385,0.330146,S1HC13,HC
0.842762,0.0910113,0.489907,0.0233293,0.00411155,0.0903978,0.651214,0.127503,0.0824988,0.325514,S1HC13,HC
0.0,0.0,0.0,0.25951,0.33428,0.974821,0.0,0.0,0.0,0.0,S1HC16,HC
0.0,0.0,0.0,0.0,0.407605,0.519338,0.0,0.0,0.0,0.0,S1HC16,HC
0.0,0.0,0.0,0.25951,0.33428,0.974821,0.0,0.0,0.0,0.0,S1HC16,HC
0.0,0.0,0.0,0.25951,0.33428,0.974821,0.0,0.0,0.0,0.0,S1HC16,HC
0.11448,0.0,0.0,0.25951,0.33428,0.974821,0.0,0.0,0.0,0.0,S1HC16,HC
0.11448,0.0,0.0,0.25951,0.571922,0.974821,0.0,0.0,0.0,0.0,S1HC16,HC
0.11448,0.0,0.0,0.25951,0.571922,0.974821,0.0,0.0,0.0,0.0,S1HC16,HC
0.11448,0.0,0.0,0.25951,0.571922,0.974821,0.0,0.0,0.0,0.0,S1HC16,HC
0.11448,0.0,0.0,0.25951,0.571922,0.974821,0.0,0.0,0.0,0.0,S1HC16,HC
0.299911,0.0,0.0,0.0,0.0,0.0,0.0,0.0,0.0,0.0,S1PT08,PT
0.0,0.989192,0.0,0.0,0.98417,0.0,0.549028,0.0,0.671588,0.0,S1PT08,PT
0.0,0.0,0.0,0.0,0.0,0.0,0.0,0.0,0.0,0.0,S1PT08,PT
0.0999704,0.329731,0.0,0.0,0.328057,0.0,0.183009,0.0,0.223863,0.0,S1PT08,PT
0.0,0.494596,0.0,0.0,0.492085,0.0,0.274514,0.0,0.335794,0.0,S1PT08,PT
0.299911,0.0,0.0,0.0,0.0,0.0,0.0,0.0,0.0,0.0,S1PT08,PT
0.0,0.0,0.0,0.0,0.0,0.0,0.0,0.0,0.0,0.0,S1PT08,PT
0.0999704,0.300765,0.0,0.0,0.348338,0.0,0.183009,0.0,0.223863,0.0,S1PT08,PT
0.0,0.300528,0.0,0.0,0.0,0.0,0.0,0.0,0.0,0.493103,S1PT08,PT
0.299911,0.329731,0.0,0.0,0.481062,0.0,0.183009,0.0,0.0,0.0,S1PT08,PT
0.0,0.0,0.0,0.0,0.492085,0.0,0.274514,0.0,0.0,0.0,S1PT08,PT
0.0,0.241505,0.453216,0.0,0.556147,0.0,0.0,0.0,0.0,0.87936,S1PT08,PT
0.0999704,0.300765,0.0,0.0,0.481062,0.0,0.940916,0.0,0.106099,0.0,S1PT08,PT
0.0,0.241505,0.453216,0.0,0.556147,0.0,0.0,0.0,0.0,0.87936,S1PT08,PT
0.0,0.0,0.397565,0.0,0.0,0.451057,0.0,0.0,0.0,0.0,S1PT08,PT
0.0,0.0,0.0,0.0,0.0,0.791435,0.0646264,0.0,0.0,0.686706,S1PT08,PT
0.0,0.0,0.0,0.0,0.0,0.428552,0.0,0.0,0.0734989,0.0,S1PT08,PT
0.0249926,0.135567,0.212695,0.0,0.259302,0.310623,0.251386,0.0,0.0265247,0.391517,S1PT08,PT
0.0,0.0,0.0,0.0,0.0,0.813301,0.666045,0.0,0.0,0.5707,S1PT08,PT
0.0,0.0,0.42394,0.720146,0.0,0.0,0.0,0.0,0.140584,0.0,S1PT08,PT
0.0499852,0.150382,0.198783,0.0,0.240531,0.225528,0.470458,0.0,0.0530493,0.0,S1PT08,PT
0.0,0.300765,0.0,0.0,0.0,0.791435,0.0646264,0.0,0.106099,0.686706,S1PT08,PT
0.428412,0.839643,0.0,0.0,0.269728,0.0,0.0,0.0,0.50621,0.0,S1PT08,PT
0.0,0.839643,0.42394,0.720146,0.0,0.0,0.0,0.0,0.140584,0.0,S1PT08,PT
0.0249926,0.225574,0.0993913,0.0,0.120266,0.508482,0.267542,0.0,0.079574,0.343353,S1PT08,PT
0.0,0.300765,0.0,0.0,0.0,0.791435,0.0646264,0.0,0.106099,0.686706,S1PT08,PT
0.0719129,0.203765,0.119345,0.102878,0.109937,0.367063,0.207502,0.0,0.129424,0.23556,S1PT08,PT
0.0,0.570204,0.21197,0.360073,0.0,0.395718,0.0323132,0.0,0.123341,0.343353,S1PT08,PT
0.0,0.0,0.432459,0.0,0.0,0.0,0.0,0.644243,0.0,0.0,S1PT08,PT
0.0,0.0,0.829514,0.0,0.0,0.0,0.0,0.0,0.0,0.0,S1PT08,PT
0.0242264,0.392437,0.160669,0.205756,0.0575507,0.416745,0.134918,0.0,0.11392,0.316405,S1PT08,PT
0.0,0.839643,0.42394,0.720146,0.0,0.0,0.0,0.0,0.140584,0.0,S1PT08,PT
0.0,0.704924,0.317955,0.540109,0.0,0.197859,0.0161566,0.0,0.131963,0.171676,S1PT08,PT
0.0,0.839643,0.770773,0.720146,0.0,0.0,0.0,0.0,0.140584,0.0,S1PT08,PT
0.0242264,0.839643,0.160669,0.26695,0.0,0.0,0.134918,0.0,0.11392,0.0,S1PT08,PT
0.00484527,0.360457,0.411711,0.257195,0.0115101,0.162492,0.0334462,0.128849,0.075569,0.131952,S1PT08,PT
0.393292,0.0,0.0,0.0,0.334089,0.0,0.0,0.0,0.0,0.315365,S1HC03,HC
0.0,0.0,0.0,0.765754,0.138683,0.642806,0.0,0.0,0.0,0.0,S1HC03,HC
0.196646,0.0,0.0,0.382877,0.236386,0.321403,0.0,0.0,0.0,0.157682,S1HC03,HC
0.393292,0.0,0.0,0.0,0.334089,0.0,0.0,0.0,0.0,0.315365,S1HC03,HC
0.95853,0.0,0.297398,0.0,0.334089,0.0,0.0,0.0,0.0,0.0,S1HC03,HC
0.393292,0.492637,0.0,0.0,0.334089,0.0,0.0,0.0,0.0,0.315365,S1HC03,HC
0.516156,0.0,0.0991328,0.127626,0.301521,0.107134,0.0,0.0,0.0,0.157682,S1HC03,HC
0.95853,0.0,0.297398,0.0,0.334089,0.0,0.0,0.0,0.0,0.0,S1HC03,HC
0.622659,0.164212,0.132177,0.0425419,0.323233,0.0357115,0.0,0.0,0.0,0.157682,S1HC03,HC
0.95853,0.0,0.297398,0.0,0.334089,0.0,0.0,0.0,0.0,0.0,S1HC03,HC
0.790595,0.0821062,0.214788,0.021271,0.328661,0.0178557,0.0,0.0,0.0,0.0788412,S1HC03,HC
0.95853,0.0,0.297398,0.0,0.334089,0.0,0.0,0.0,0.0,0.0,S1HC03,HC
0.622659,0.164212,0.132177,0.0425419,0.334089,0.0357115,0.0,0.0,0.0,0.0,S1HC03,HC
0.622659,0.0,0.297398,0.0,0.334089,0.0,0.0,0.0,0.117424,0.0,S1HC03,HC
0.622659,0.0821062,0.214788,0.021271,0.334089,0.0178557,0.0,0.0,0.0587121,0.0,S1HC03,HC
0.622659,0.164212,0.132177,0.0425419,0.334089,0.0357115,0.0,0.0,0.0,0.0,S1HC03,HC
0.790595,0.0,0.214788,0.021271,0.328661,0.230557,0.0,0.0,0.0,0.0788412,S1HC03,HC
0.790595,0.0821062,0.214788,0.0,0.334089,0.0,0.0,0.0,0.117424,0.0788412,S1HC03,HC
0.706627,0.0821062,0.194135,0.021271,0.332732,0.0710311,0.0,0.0,0.044034,0.0394206,S1HC03,HC
0.790595,0.0821062,0.214788,0.0,0.334089,0.0,0.0,0.0,0.201469,0.0788412,S1HC03,HC
0.706627,0.123159,0.173482,0.021271,0.334089,0.0178557,0.0,0.0,0.0587121,0.0394206,S1HC03,HC
0.790595,0.0,0.214788,0.021271,0.328661,0.0178557,0.0,0.0,0.0587121,0.0,S1HC03,HC
0.622659,0.0821062,0.214788,0.021271,0.334089,0.0178557,0.0,0.0,0.0587121,0.0,S1HC03,HC
0.622659,0.164212,0.132177,0.0425419,0.334089,0.0357115,0.0,0.0,0.0,0.0,S1HC03,HC
0.622659,0.164212,0.132177,0.0425419,0.334089,0.0357115,0.0,0.0,0.0,0.0,S1HC03,HC
0.706627,0.0821062,0.194135,0.0,0.334089,0.0710311,0.0,0.0,0.201469,0.0788412,S1HC03,HC
0.664643,0.143686,0.15283,0.0319064,0.334089,0.0267836,0.0,0.0,0.029356,0.0197103,S1HC03,HC
0.706627,0.0889483,0.190693,0.021271,0.332958,0.0267183,0.0,0.0,0.0702733,0.0262804,S1HC03,HC
0.236562,0.0,0.0,0.0,0.0420676,0.0,0.563394,0.0,0.0,0.0,S1HC04,HC
0.0,0.0,0.0,0.0,0.989227,0.446752,0.0,0.0,0.0,0.0,S1HC04,HC
0.0,0.747393,0.437101,0.0,0.466068,0.0,0.0,0.608889,0.0,0.0,S1HC04,HC
0.0,0.493153,0.0,0.0,0.0,0.341437,0.0,0.0,0.0,0.0,S1HC04,HC
0.0788539,0.249131,0.1457,0.0,0.499121,0.148917,0.187798,0.202963,0.0,0.0,S1HC04,HC
0.0,0.747393,0.437101,0.0,0.466068,0.0,0.0,0.608889,0.0,0.0,S1HC04,HC
0.118281,0.373696,0.21855,0.0,0.254068,0.0,0.281697,0.304444,0.0,0.0,S1HC04,HC
0.0,0.747393,0.437101,0.0,0.466068,0.0,0.0,0.608889,0.0,0.0,S1HC04,HC
0.0492837,0.465843,0.200338,0.0,0.304814,0.122589,0.117374,0.279074,0.0,0.0,S1HC04,HC
0.407792,0.249131,0.1457,0.0,0.499121,0.148917,0.187798,0.202963,0.0,0.0,S1HC04,HC
0.152359,0.487456,0.261046,0.0,0.423334,0.090502,0.101724,0.363642,0.0,0.0,S1HC04,HC
0.0,0.747393,0.437101,0.433149,0.304814,0.0,0.0,0.608889,0.0,0.0,S1HC04,HC
0.0,0.747393,0.437101,0.0,0.466068,0.0,0.0,0.608889,0.0,0.0,S1HC04,HC
0.0492837,0.747393,0.437101,0.0,0.304814,0.122589,0.0,0.279074,0.0,0.0,S1HC04,HC
0.0492837,0.465843,0.200338,0.0,0.304814,0.0,0.117374,0.126049,0.0,0.0,S1HC04,HC
0.0492837,0.465843,0.200338,0.0,0.304814,0.122589,0.274994,0.279074,0.0,0.0,S1HC04,HC
0.0492837,0.465843,0.200338,0.0,0.304814,0.122589,0.274994,0.279074,0.0,0.0,S1HC04,HC
0.0500349,0.61022,0.328837,0.0721915,0.351443,0.0559465,0.0823487,0.377603,0.0,0.0,S1HC04,HC
0.0492837,0.465843,0.200338,0.554612,0.304814,0.122589,0.274994,0.279074,0.0,0.0,S1HC04,HC
0.0,0.747393,0.437101,0.216574,0.385441,0.0,0.0,0.608889,0.0,0.0,S1HC04,HC
0.0,0.465843,0.437101,0.216574,0.385441,0.0,0.274994,0.926467,0.0,0.0,S1HC04,HC
0.0250175,0.678806,0.382969,0.144383,0.368442,0.0279733,0.0411743,0.493246,0.0,0.0,S1HC04,HC
0.0250175,0.678806,0.382969,0.144383,0.368442,0.0279733,0.0411743,0.493246,0.0,0.0,S1HC04,HC
0.231072,0.0,0.801736,0.0,0.0,0.156442,0.0,0.0,0.0,0.0,S1HC04,HC
0.0250175,0.4176,0.437101,0.216574,0.385441,0.0,0.274994,0.493246,0.0,0.0,S1HC04,HC
0.0250175,0.465843,0.382969,0.216574,0.368442,0.0279733,0.0411743,0.493246,0.0,0.0,S1HC04,HC
0.0250175,0.678806,0.382969,0.144383,0.368442,0.0279733,0.274994,0.926467,0.0,0.0,S1HC04,HC
0.0125087,0.572325,0.410035,0.180479,0.376941,0.0139866,0.158084,0.709856,0.0,0.0,S1HC04,HC
0.0572751,0.468897,0.466297,0.150399,0.311285,0.0423914,0.131737,0.519343,0.0,0.0,S1HC04,HC
0.0250175,0.4176,0.437101,0.216574,0.664476,0.0,0.274994,0.493246,0.0,0.0,S1HC04,HC
0.0250175,0.678806,0.382969,0.144383,0.368442,0.0279733,0.0411743,0.493246,0.0,0.0,S1HC04,HC
0.712289,0.678806,0.382969,0.144383,0.368442,0.156442,0.0,0.0,0.0,0.0,S1HC04,HC
0.0250175,0.548203,0.410035,0.180479,0.376941,0.0139866,0.158084,0.493246,0.0,0.0,S1HC04,HC
0.465909,0.807556,0.0,0.840028,0.0,0.562206,0.0,0.0,0.0,0.0,S1PT12,PT
0.0,0.0,0.0,0.0,0.0,0.0,0.0,0.0,0.0,0.0,S1PT12,PT
0.0,0.807556,0.584467,0.0,0.0,0.0,0.0,0.0,0.0,0.0,S1PT12,PT
0.465909,0.807556,0.0,0.840028,0.0,0.562206,0.0,0.0,0.0,0.0,S1PT12,PT
0.465909,0.807556,0.0,0.840028,0.0,0.562206,0.0,0.0,0.0,0.0,S1PT12,PT
0.465909,0.807556,0.0,0.0,0.0,0.562206,0.0,0.0,0.0,0.0,S1PT12,PT
0.465909,0.807556,0.0,0.0,0.0,0.0,0.0,0.0,0.0,0.0,S1PT12,PT
0.445758,0.0,0.401218,0.0,0.0,0.0737388,0.0,0.0,0.0,0.0,S1PT12,PT
0.465909,0.807556,0.0,0.177646,0.0,0.0,0.0,0.0,0.0,0.0,S1PT12,PT
0.0,0.983693,0.323468,0.0,0.0,0.0,0.0,0.262426,0.0,0.0,S1PT12,PT
0.372728,0.807556,0.116893,0.336011,0.0,0.337323,0.0,0.0,0.0,0.0,S1PT12,PT
0.465909,0.807556,0.0,0.840028,0.0,0.562206,0.0,0.0,0.0,0.0,S1PT12,PT
0.465909,0.807556,0.0,0.0,0.0,0.0,0.0,0.0,0.0,0.0,S1PT12,PT
0.465909,0.807556,0.116893,0.177646,0.0,0.337323,0.108589,0.0,0.0,0.0,S1PT12,PT
0.372728,0.807556,0.116893,0.336011,0.855639,0.337323,0.0,0.0,0.969771,0.0,S1PT12,PT
0.465909,0.807556,0.0,0.0,0.0,0.0,0.0,0.0,0.0,0.0,S1PT12,PT
0.369369,0.70232,0.140263,0.225614,0.0,0.162211,0.0,0.0437376,0.0,0.0,S1PT12,PT
0.0,0.807556,0.323468,0.177646,0.0,0.0,0.0,0.262426,0.0,0.0,S1PT12,PT
0.334783,0.786509,0.139504,0.183384,0.171128,0.167372,0.0217178,0.0612326,0.193954,0.0,S1PT12,PT
0.232955,0.807556,0.161734,0.0888232,0.0,0.0,0.0,0.131213,0.0,0.0,S1PT12,PT
0.369369,0.70232,0.140263,0.336011,0.855639,0.162211,0.0,0.0437376,0.0,0.0,S1PT12,PT
0.369369,0.70232,0.116893,0.721594,0.0,0.337323,0.0,0.0,0.969771,0.0,S1PT12,PT
0.465909,0.807556,0.0,0.0,0.0,0.0,0.0,0.0,0.0,0.0,S1PT12,PT
0.354477,0.761252,0.111679,0.265962,0.205353,0.133381,0.00434356,0.0472366,0.232745,0.0,S1PT12,PT
0.352076,0.744414,0.139883,0.259697,0.513383,0.164791,0.0108589,0.0524851,0.0969771,0.0,S1PT12,PT
0.369369,0.70232,0.139504,0.336011,0.855639,0.162211,0.0217178,0.0612326,0.0,0.0,S1PT12,PT
0.334783,0.70232,0.139504,0.183384,0.96971,0.167372,0.0,0.0612326,0.0,0.792362,S1PT12,PT
0.334783,0.786509,0.139504,0.183384,0.171128,0.167372,0.0217178,0.0612326,0.193954,0.0,S1PT12,PT
0.354477,0.761252,0.111679,0.265962,0.205353,0.133381,0.00434356,0.0472366,0.232745,0.0,S1PT12,PT
0.349098,0.739363,0.134015,0.245688,0.543043,0.159025,0.0117276,0.0566839,0.104735,0.158472,S1PT12,PT
0.34463,0.773881,0.125591,0.224673,0.188241,0.150376,0.0130307,0.0542346,0.21335,0.0,S1PT12,PT
0.0,0.0,0.0,0.0,0.0,0.875241,0.399051,0.0,0.75776,0.916479,S1PT12,PT
0.352076,0.744414,0.111679,0.265962,0.513383,0.164791,0.00434356,0.0524851,0.0969771,0.0,S1PT12,PT
0.354477,0.260141,0.111679,0.336011,0.855639,0.133381,0.0217178,0.0472366,0.232745,0.0,S1PT12,PT
0.29246,0.546509,0.099107,0.223049,0.384277,0.269366,0.0757024,0.0429795,0.273052,0.179159,S1PT12,PT
0.34463,0.773881,0.125591,0.224673,0.188241,0.150376,0.0130307,0.0542346,0.21335,0.0,S1PT12,PT
0.172315,0.38694,0.0627956,0.112337,0.0941203,0.512809,0.206041,0.0271173,0.485555,0.458239,S1PT12,PT
0.354477,0.739363,0.134015,0.336011,0.543043,0.159025,0.0117276,0.0566839,0.232745,0.158472,S1PT12,PT
0.175015,0.0,0.0,0.0,0.0,0.0,0.0,0.0,0.0,0.0,S1HC22,HC
0.0,0.0,0.0,0.0,0.0,0.0,0.0,0.0,0.0,0.0,S1HC22,HC
0.175015,0.0,0.0,0.0,0.0,0.0,0.0,0.0,0.0,0.0,S1HC22,HC
0.175015,0.0,0.0,0.0,0.0,0.0,0.0,0.0,0.0,0.0,S1HC22,HC
0.0,0.0,0.0,0.0,0.0,0.32345,0.0,0.0,0.0,0.0,S1HC22,HC
0.175015,0.0,0.0,0.0,0.0,0.0,0.562451,0.626673,0.0,0.0,S1HC22,HC
0.0,0.0,0.0,0.0,0.0,0.32345,0.0,0.0,0.0,0.0,S1HC22,HC
0.960726,0.689465,0.0367885,0.0,0.0,0.0,0.0,0.0,0.0,0.0,S1HC22,HC
0.0,0.0,0.368262,0.0,0.0,0.630391,0.0,0.0,0.0,0.0,S1HC22,HC
0.283935,0.172366,0.101263,0.0,0.0,0.23846,0.140613,0.156668,0.0,0.0,S1HC22,HC
0.960726,0.689465,0.0367885,0.0,0.0,0.0,0.0,0.0,0.0,0.0,S1HC22,HC
0.283935,0.172366,0.0367885,0.0,0.0,0.23846,0.140613,0.156668,0.0,0.0,S1HC22,HC
0.960726,0.172366,0.0367885,0.0,0.0,0.0,0.0,0.0,0.10011,0.0,S1HC22,HC
0.622331,0.430916,0.0690255,0.0,0.0,0.11923,0.0703064,0.0783341,0.0,0.0,S1HC22,HC
0.960726,0.689465,0.0367885,0.0,0.0,0.0,0.0,0.0,0.0,0.0,S1HC22,HC
0.960726,0.689465,0.101263,0.0,0.0,0.0,0.0575433,0.0,0.0,0.0,S1HC22,HC
0.960726,0.689465,0.0367885,0.0,0.0,0.0,0.0,0.0,0.0,0.0,S1HC22,HC
0.960726,0.689465,0.101263,0.0,0.0,0.0,0.0575433,0.0,0.0,0.0,S1HC22,HC
0.960726,0.172366,0.0367885,0.0,0.0,0.0,0.0,0.0,0.64764,0.0,S1HC22,HC
0.757689,0.430916,0.0561307,0.0,0.0,0.0715381,0.0536925,0.0470004,0.020022,0.0,S1HC22,HC
0.622331,0.430916,0.0690255,0.0,0.0,0.11923,0.0,0.0783341,0.0,0.590733,S1HC22,HC
0.791529,0.560191,0.052907,0.0,0.0,0.0596151,0.0351532,0.039167,0.0,0.0,S1HC22,HC
0.757689,0.172366,0.166995,0.0,0.0,0.244188,0.0536925,0.0470004,0.020022,0.0,S1HC22,HC
0.842288,0.495553,0.0588171,0.0,0.0,0.0417305,0.0243982,0.0274169,0.111277,0.0984555,S1HC22,HC
0.960726,0.689465,0.0367885,0.0,0.0,0.0,0.0,0.0,0.0,0.0,S1HC22,HC
0.960726,0.430916,0.0367885,0.0,0.0,0.0,0.0,0.0,0.32382,0.0,S1HC22,HC
0.901507,0.463234,0.0478028,0.0,0.0,0.0208653,0.0121991,0.0137085,0.217549,0.0492277,S1HC22,HC
0.880357,0.447075,0.0748474,0.0,0.0,0.0714796,0.0195227,0.0186043,0.11378,0.0246139,S1HC22,HC
0.960726,0.430916,0.0367885,0.0,0.0,0.0,0.0,0.0,0.32382,0.0,S1HC22,HC
0.960726,0.495553,0.0349721,0.0,0.0,0.0,0.0243982,0.0274169,0.111277,0.0,S1HC22,HC
0.842288,0.495553,0.0588171,0.0,0.0,0.0417305,0.0243982,0.0274169,0.0,0.0984555,S1HC22,HC
0.960726,0.430916,0.0367885,0.0,0.0,0.0,0.0,0.0,0.32382,0.0,S1HC22,HC
0.0,0.0,0.259476,0.0,0.0,0.0,0.781045,0.816324,0.0,0.0,S1HC19,HC
0.0,0.0,0.0,0.0,0.109556,0.0,0.0,0.0,0.0,0.0,S1HC19,HC
0.0,0.0,0.0,0.0,0.0,0.447561,0.781045,0.0,0.0,0.0,S1HC19,HC
0.333139,0.0,0.0,0.0,0.0,0.447561,0.781045,0.0,0.0,0.0,S1HC19,HC
0.620202,0.0,0.863297,0.0,0.500013,0.0,0.0,0.0,0.0,0.0,S1HC19,HC
0.0,0.449423,0.146657,0.0,0.70681,0.0,0.0,0.0,0.0,0.0,S1HC19,HC
0.333139,0.0,0.0,0.0,0.0,0.447561,0.781045,0.0,0.0,0.0,S1HC19,HC
0.333139,0.0,0.146657,0.775465,0.0,0.447561,0.79532,0.0,0.0,0.0,S1HC19,HC
0.0,0.449423,0.146657,0.0,0.70681,0.0,0.0,0.0,0.0,0.0,S1HC19,HC
0.333139,0.0,0.533762,0.775465,0.0,0.0,0.79532,0.0,0.0,0.0,S1HC19,HC
0.16657,0.224711,0.146657,0.387732,0.353405,0.223781,0.39766,0.0,0.0,0.0,S1HC19,HC
0.16657,0.224711,0.146657,0.387732,0.353405,0.223781,0.39766,0.0,0.0,0.0,S1HC19,HC
0.333139,0.224711,0.533762,0.775465,0.353405,0.0,0.79532,0.0,0.0,0.0,S1HC19,HC
0.249854,0.112356,0.34021,0.581599,0.176703,0.11189,0.59649,0.0,0.0,0.0,S1HC19,HC
0.333139,0.224711,0.533762,0.775465,0.353405,0.0,0.79532,0.0,0.0,0.0,S1HC19,HC
0.249854,0.224711,0.34021,0.581599,0.176703,0.11189,0.59649,0.0,0.0,0.0,S1HC19,HC
0.249854,0.112356,0.34021,0.387732,0.176703,0.11189,0.59649,0.0,0.0,0.0,S1HC19,HC
0.291497,0.168534,0.436986,0.678532,0.265054,0.0559452,0.695905,0.0,0.0,0.0,S1HC19,HC
0.249854,0.18726,0.34021,0.581599,0.294504,0.11189,0.59649,0.0,0.0,0.0,S1HC19,HC
0.0,0.0,0.0,0.921965,0.309452,0.466397,0.0,0.0,0.0,0.617459,S1HC11,HC
0.450615,0.0,0.83831,0.0,0.0,0.0,0.0,0.0,0.0,0.0,S1HC11,HC
0.0,0.0,0.0,0.0,0.0,0.0,0.0,0.0,0.0,0.0,S1HC11,HC
0.0,0.0,0.0,0.0,0.0,0.0,0.919299,0.0,0.321291,0.0,S1HC11,HC
0.0,0.0,0.0,0.921965,0.309452,0.466397,0.0,0.0,0.0,0.617459,S1HC11,HC
0.150205,0.0,0.279437,0.307322,0.103151,0.155466,0.0,0.0,0.0,0.20582,S1HC11,HC
0.0,0.889768,0.0,0.0,0.0,0.0,0.0,0.657158,0.0,0.0,S1HC11,HC
0.225308,0.0,0.419155,0.460983,0.154726,0.233198,0.0,0.0,0.0,0.30873,S1HC11,HC
0.0,0.376315,0.0,0.921965,0.309452,0.466397,0.0,0.0,0.0,0.617459,S1HC11,HC
0.0,0.376315,0.0,0.921965,0.177772,0.466397,0.0,0.0,0.0,0.617459,S1HC11,HC
0.394181,0.0,0.734571,0.0,0.0,0.0,0.945343,0.0,0.0,0.0,S1HC11,HC
0.0,0.376315,0.0,0.921965,0.309452,0.466397,0.0,0.0,0.0,0.617459,S1HC11,HC
0.0625854,0.211014,0.116432,0.435372,0.14613,0.220243,0.153217,0.109526,0.0535484,0.291578,S1HC11,HC
0.0,0.745054,0.0,0.921965,0.309452,0.0,0.0,0.0,0.321291,0.325848,S1HC11,HC
0.0625854,0.376315,0.189727,0.921965,0.697462,0.466397,0.0,0.109526,0.0535484,0.617459,S1HC11,HC
0.0,0.376315,0.0,0.921965,0.177772,0.466397,0.0,0.0,0.0,0.617459,S1HC11,HC
0.394181,0.0,0.116432,0.0,0.0,0.796205,0.153217,0.0,0.0,0.291578,S1HC11,HC
0.0,0.745054,0.277993,0.921965,0.177772,0.0,0.0,0.0,0.0,0.325848,S1HC11,HC
0.0,0.376315,0.0,0.921965,0.309452,0.466397,0.0,0.0,0.0,0.661113,S1HC11,HC
0.0625854,0.376315,0.0,0.921965,0.438473,0.525476,0.0,0.109526,0.0535484,0.617459,S1HC11,HC
0.0625854,0.0,0.912149,0.921965,0.697462,0.466397,0.0,0.109526,0.0,0.617459,S1HC11,HC
0.0913533,0.3748,0.11683,0.737572,0.272492,0.439079,0.0306433,0.0219053,0.0107097,0.502691,S1HC11,HC
0.0625854,0.376315,0.189727,0.921965,0.697462,0.466397,0.0,0.109526,0.0535484,0.617459,S1HC11,HC
0.0625854,0.376315,0.0948637,0.921965,0.567967,0.495936,0.0,0.109526,0.0535484,0.617459,S1HC11,HC
0.0625854,0.376315,0.0,0.921965,0.697462,0.525476,0.0,0.109526,0.0535484,0.617459,S1HC11,HC
0.0697774,0.281857,0.304677,0.875867,0.526472,0.474337,0.00766083,0.0876211,0.0294516,0.588767,S1HC11,HC
0.0625854,0.376315,0.0,0.921965,0.425822,0.466397,0.0,0.109526,0.0535484,0.617459,S1HC11,HC
0.0625854,0.376315,0.189727,0.921965,0.697462,0.466397,0.0,0.109526,0.0535484,0.617459,S1HC11,HC
0.0625854,0.85216,0.0,0.921965,0.526472,0.474337,0.00766083,0.0876211,0.0294516,0.617459,S1HC11,HC
0.0640238,0.357423,0.117854,0.912746,0.583037,0.485709,0.00153217,0.105145,0.0487291,0.611721,S1HC11,HC
0.0625854,0.376315,0.0948637,0.921965,0.697462,0.495936,0.0,0.109526,0.0535484,0.617459,S1HC11,HC
0.0625854,0.376315,0.189727,0.921965,0.697462,0.466397,0.0,0.109526,0.0535484,0.617459,S1HC11,HC
0.0625854,0.376315,0.189727,0.921965,0.697462,0.466397,0.0,0.109526,0.0535484,0.617459,S1HC11,HC
0.0628731,0.467705,0.118434,0.920121,0.640379,0.477755,0.0018386,0.104269,0.0477652,0.616312,S1HC11,HC
0.0625854,0.376315,0.117854,0.921965,0.697462,0.485709,0.96278,0.105145,0.0535484,0.617459,S1HC11,HC
0.0625854,0.748643,0.0890205,0.912746,0.583037,0.485709,0.00153217,0.105145,0.0487291,0.611721,S1HC11,HC
0.0640238,0.357423,0.117854,0.921965,0.583037,0.485709,0.00153217,0.109526,0.0535484,0.617459,S1HC11,HC
0.0625854,0.614237,0.0948637,0.921965,0.611967,0.470367,0.00383041,0.0985737,0.0415,0.617459,S1HC11,HC
0.0625854,0.376315,0.189727,0.921965,0.697462,0.466397,0.0,0.109526,0.0535484,0.617459,S1HC11,HC
0.0,0.0,0.0,0.0,0.0,0.0,0.0,0.0,0.0,0.0,S1PT21,PT
0.0,0.0,0.0,0.0,0.0,0.0,0.0,0.0,0.0,0.453488,S1PT21,PT
0.705548,0.939398,0.0,0.659518,0.261057,0.0,0.509973,0.0,0.0,0.0,S1PT21,PT
0.705548,0.939398,0.0,0.659518,0.0286961,0.0,0.509973,0.0,0.0,0.0,S1PT21,PT
0.705548,0.939398,0.0,0.659518,0.261057,0.0,0.509973,0.0,0.0,0.0,S1PT21,PT
0.705548,0.939398,0.0,0.659518,0.261057,0.111389,0.509973,0.0,0.0,0.0,S1PT21,PT
0.705548,0.939398,0.0,0.659518,0.261057,0.0,0.509973,0.0,0.0,0.0,S1PT21,PT
0.705548,0.939398,0.0,0.659518,0.261057,0.0,0.509973,0.0,0.702228,0.0,S1PT21,PT
0.705548,0.939398,0.0,0.659518,0.214585,0.0222778,0.509973,0.0,0.140446,0.0,S1PT21,PT
0.705548,0.939398,0.0,0.659518,0.261057,0.111389,0.509973,0.0,0.0,0.0,S1PT21,PT
0.705548,0.939398,0.0,0.659518,0.261057,0.0,0.179877,0.0,0.0,0.0,S1PT21,PT
0.705548,0.939398,0.0,0.659518,0.261057,0.0,0.509973,0.0,0.0,0.0,S1PT21,PT
0.705548,0.939398,0.0,0.659518,0.261057,0.0,0.509973,0.0,0.0,0.0,S1PT21,PT
0.705548,0.939398,0.0,0.659518,0.0286961,0.0,0.509973,0.0,0.739499,0.0,S1PT21,PT
0.705548,0.939398,0.0,0.659518,0.144877,0.0,0.509973,0.0,0.369749,0.0,S1PT21,PT
0.705548,0.939398,0.0,0.659518,0.261057,0.0,0.509973,0.0,0.0,0.0,S1PT21,PT
0.705548,0.939398,0.0,0.659518,0.214585,0.0222778,0.454957,0.0,0.146657,0.0,S1PT21,PT
0.705548,0.939398,0.0,0.659518,0.261057,0.0,0.509973,0.0,0.0,0.0,S1PT21,PT
0.705548,0.573234,0.0,0.659518,0.0286961,0.0,0.179877,0.0,0.0,0.0,S1PT21,PT
0.705548,0.939398,0.0,0.659518,0.0286961,0.0,0.509973,0.577025,0.0,0.0,S1PT21,PT
0.705548,0.939398,0.0,0.659518,0.0867864,0.0,0.509973,0.288512,0.184875,0.0,S1PT21,PT
0.705548,0.939398,0.0,0.659518,0.261057,0.0,0.509973,0.0,0.0,0.0,S1PT21,PT
0.705548,0.87837,0.0,0.659518,0.156495,0.00371297,0.445788,0.0961708,0.0860678,0.0,S1PT21,PT
0.705548,0.939398,0.0,0.659518,0.0286961,0.0,0.509973,0.577025,0.0,0.0,S1PT21,PT
0.705548,0.939398,0.0,0.659518,0.261057,0.0,0.509973,0.577025,0.0,0.0,S1PT21,PT
0.705548,0.939398,0.0,0.659518,0.144877,0.0,0.509973,0.577025,0.0,0.0,S1PT21,PT
0.705548,0.939398,0.0,0.659518,0.144877,0.0,0.509973,0.577025,0.0,0.0,S1PT21,PT
0.705548,0.929227,0.0,0.659518,0.156495,0.000618828,0.499275,0.352626,0.0451571,0.0,S1PT21,PT
0.705548,0.908884,0.0,0.659518,0.150686,0.00185648,0.47788,0.336598,0.0430339,0.0,S1PT21,PT
0.705548,0.939398,0.0,0.659518,0.939621,0.00371297,0.445788,0.577025,0.0,0.0,S1PT21,PT
0.705548,0.924141,0.0,0.659518,0.545153,0.00278473,0.461834,0.456811,0.0215169,0.0,S1PT21,PT
0.705548,0.123726,0.786235,0.659518,0.939621,0.0,0.445788,0.577025,0.0,0.0,S1PT21,PT
0.705548,0.939398,0.0,0.659518,0.150686,0.00371297,0.47788,0.577025,0.0,0.585371,S1PT21,PT
0.705548,0.929227,0.0,0.659518,0.347919,0.00154707,0.483229,0.460819,0.0220477,0.0,S1PT21,PT
0.705548,0.939398,0.0,0.659518,0.939621,0.00371297,0.445788,0.577025,0.0,0.0,S1PT21,PT
